precinct_id,district,representative,party,incumbent_race,margin
0,3,Jeff Duncan,Republican,White,0.68
1,3,Jeff Duncan,Republican,White,0.68
2,3,Jeff Duncan,Republican,White,0.68
3,3,Jeff Duncan,Republican,White,0.68
4,3,Jeff Duncan,Republican,White,0.68
5,3,Jeff Duncan,Republican,White,0.68
6,3,Jeff Duncan,Republican,White,0.68
7,3,Jeff Duncan,Republican,White,0.68
8,3,Jeff Duncan,Republican,White,0.68
9,3,Jeff Duncan,Republican,White,0.68
10,3,Jeff Duncan,Republican,White,0.68
11,3,Jeff Duncan,Republican,White,0.68
12,3,Jeff Duncan,Republican,White,0.68
13,3,Jeff Duncan,Republican,White,0.68
14,3,Jeff Duncan,Republican,White,0.68
15,2,Joe Wilson,Republican,White,0.6
16,2,Joe Wilson,Republican,White,0.6
17,2,Joe Wilson,Republican,White,0.6
18,2,Joe Wilson,Republican,White,0.6
19,2,Joe Wilson,Republican,White,0.6
20,2,Joe Wilson,Republican,White,0.6
21,2,Joe Wilson,Republican,White,0.6
22,2,Joe Wilson,Republican,White,0.6
23,2,Joe Wilson,Republican,White,0.6
24,2,Joe Wilson,Republican,White,0.6
25,2,Joe Wilson,Republican,White,0.6
26,2,Joe Wilson,Republican,White,0.6
27,2,Joe Wilson,Republican,White,0.6
28,2,Joe Wilson,Republican,White,0.6
29,2,Joe Wilson,Republican,White,0.6
30,2,Joe Wilson,Republican,White,0.6
31,2,Joe Wilson,Republican,White,0.6
32,2,Joe Wilson,Republican,White,0.6
33,2,Joe Wilson,Republican,White,0.6
34,2,Joe Wilson,Republican,White,0.6
35,2,Joe Wilson,Republican,White,0.6
36,2,Joe Wilson,Republican,White,0.6
37,2,Joe Wilson,Republican,White,0.6
38,2,Joe Wilson,Republican,White,0.6
39,2,Joe Wilson,Republican,White,0.6
40,2,Joe Wilson,Republican,White,0.6
41,2,Joe Wilson,Republican,White,0.6
42,2,Joe Wilson,Republican,White,0.6
43,2,Joe Wilson,Republican,White,0.6
44,2,Joe Wilson,Republican,White,0.6
45,2,Joe Wilson,Republican,White,0.6
46,2,Joe Wilson,Republican,White,0.6
47,2,Joe Wilson,Republican,White,0.6
48,2,Joe Wilson,Republican,White,0.6
49,2,Joe Wilson,Republican,White,0.6
50,2,Joe Wilson,Republican,White,0.6
51,2,Joe Wilson,Republican,White,0.6
52,2,Joe Wilson,Republican,White,0.6
53,2,Joe Wilson,Republican,White,0.6
54,2,Joe Wilson,Republican,White,0.6
55,2,Joe Wilson,Republican,White,0.6
56,2,Joe Wilson,Republican,White,0.6
57,2,Joe Wilson,Republican,White,0.6
58,2,Joe Wilson,Republican,White,0.6
59,2,Joe Wilson,Republican,White,0.6
60,2,Joe Wilson,Republican,White,0.6
61,2,Joe Wilson,Republican,White,0.6
62,2,Joe Wilson,Republican,White,0.6
63,2,Joe Wilson,Republican,White,0.6
64,2,Joe Wilson,Republican,White,0.6
65,2,Joe Wilson,Republican,White,0.6
66,2,Joe Wilson,Republican,White,0.6
67,2,Joe Wilson,Republican,White,0.6
68,2,Joe Wilson,Republican,White,0.6
69,2,Joe Wilson,Republican,White,0.6
70,2,Joe Wilson,Republican,White,0.6
71,2,Joe Wilson,Republican,White,0.6
72,2,Joe Wilson,Republican,White,0.6
73,2,Joe Wilson,Republican,White,0.6
74,2,Joe Wilson,Republican,White,0.6
75,2,Joe Wilson,Republican,White,0.6
76,2,Joe Wilson,Republican,White,0.6
77,2,Joe Wilson,Republican,White,0.6
78,2,Joe Wilson,Republican,White,0.6
79,2,Joe Wilson,Republican,White,0.6
80,2,Joe Wilson,Republican,White,0.6
81,2,Joe Wilson,Republican,White,0.6
82,2,Joe Wilson,Republican,White,0.6
83,2,Joe Wilson,Republican,White,0.6
84,2,Joe Wilson,Republican,White,0.6
85,2,Joe Wilson,Republican,White,0.6
86,2,Joe Wilson,Republican,White,0.6
87,2,Joe Wilson,Republican,White,0.6
88,2,Joe Wilson,Republican,White,0.6
89,2,Joe Wilson,Republican,White,0.6
90,2,Joe Wilson,Republican,White,0.6
91,2,Joe Wilson,Republican,White,0.6
92,2,Joe Wilson,Republican,White,0.6
93,2,Joe Wilson,Republican,White,0.6
94,2,Joe Wilson,Republican,White,0.6
95,2,Joe Wilson,Republican,White,0.6
96,2,Joe Wilson,Republican,White,0.6
97,2,Joe Wilson,Republican,White,0.6
98,2,Joe Wilson,Republican,White,0.6
99,2,Joe Wilson,Republican,White,0.6
100,2,Joe Wilson,Republican,White,0.6
101,2,Joe Wilson,Republican,White,0.6
102,2,Joe Wilson,Republican,White,0.6
103,2,Joe Wilson,Republican,White,0.6
104,6,Jim Clyburn,Democrat,Black,0.65
105,6,Jim Clyburn,Democrat,Black,0.65
106,6,Jim Clyburn,Democrat,Black,0.65
107,6,Jim Clyburn,Democrat,Black,0.65
108,6,Jim Clyburn,Democrat,Black,0.65
109,6,Jim Clyburn,Democrat,Black,0.65
110,6,Jim Clyburn,Democrat,Black,0.65
111,6,Jim Clyburn,Democrat,Black,0.65
112,3,Jeff Duncan,Republican,White,0.68
113,3,Jeff Duncan,Republican,White,0.68
114,3,Jeff Duncan,Republican,White,0.68
115,3,Jeff Duncan,Republican,White,0.68
116,3,Jeff Duncan,Republican,White,0.68
117,3,Jeff Duncan,Republican,White,0.68
118,3,Jeff Duncan,Republican,White,0.68
119,3,Jeff Duncan,Republican,White,0.68
120,3,Jeff Duncan,Republican,White,0.68
121,3,Jeff Duncan,Republican,White,0.68
122,3,Jeff Duncan,Republican,White,0.68
123,3,Jeff Duncan,Republican,White,0.68
124,3,Jeff Duncan,Republican,White,0.68
125,3,Jeff Duncan,Republican,White,0.68
126,3,Jeff Duncan,Republican,White,0.68
127,3,Jeff Duncan,Republican,White,0.68
128,3,Jeff Duncan,Republican,White,0.68
129,3,Jeff Duncan,Republican,White,0.68
130,3,Jeff Duncan,Republican,White,0.68
131,3,Jeff Duncan,Republican,White,0.68
132,3,Jeff Duncan,Republican,White,0.68
133,3,Jeff Duncan,Republican,White,0.68
134,3,Jeff Duncan,Republican,White,0.68
135,3,Jeff Duncan,Republican,White,0.68
136,3,Jeff Duncan,Republican,White,0.68
137,3,Jeff Duncan,Republican,White,0.68
138,3,Jeff Duncan,Republican,White,0.68
139,3,Jeff Duncan,Republican,White,0.68
140,3,Jeff Duncan,Republican,White,0.68
141,3,Jeff Duncan,Republican,White,0.68
142,3,Jeff Duncan,Republican,White,0.68
143,3,Jeff Duncan,Republican,White,0.68
144,3,Jeff Duncan,Republican,White,0.68
145,3,Jeff Duncan,Republican,White,0.68
146,3,Jeff Duncan,Republican,White,0.68
147,3,Jeff Duncan,Republican,White,0.68
148,3,Jeff Duncan,Republican,White,0.68
149,3,Jeff Duncan,Republican,White,0.68
150,3,Jeff Duncan,Republican,White,0.68
151,3,Jeff Duncan,Republican,White,0.68
152,3,Jeff Duncan,Republican,White,0.68
153,3,Jeff Duncan,Republican,White,0.68
154,3,Jeff Duncan,Republican,White,0.68
155,3,Jeff Duncan,Republican,White,0.68
156,3,Jeff Duncan,Republican,White,0.68
157,3,Jeff Duncan,Republican,White,0.68
158,3,Jeff Duncan,Republican,White,0.68
159,3,Jeff Duncan,Republican,White,0.68
160,3,Jeff Duncan,Republican,White,0.68
161,3,Jeff Duncan,Republican,White,0.68
162,3,Jeff Duncan,Republican,White,0.68
163,3,Jeff Duncan,Republican,White,0.68
164,3,Jeff Duncan,Republican,White,0.68
165,3,Jeff Duncan,Republican,White,0.68
166,3,Jeff Duncan,Republican,White,0.68
167,3,Jeff Duncan,Republican,White,0.68
168,3,Jeff Duncan,Republican,White,0.68
169,3,Jeff Duncan,Republican,White,0.68
170,3,Jeff Duncan,Republican,White,0.68
171,3,Jeff Duncan,Republican,White,0.68
172,3,Jeff Duncan,Republican,White,0.68
173,3,Jeff Duncan,Republican,White,0.68
174,3,Jeff Duncan,Republican,White,0.68
175,3,Jeff Duncan,Republican,White,0.68
176,3,Jeff Duncan,Republican,White,0.68
177,3,Jeff Duncan,Republican,White,0.68
178,3,Jeff Duncan,Republican,White,0.68
179,3,Jeff Duncan,Republican,White,0.68
180,3,Jeff Duncan,Republican,White,0.68
181,3,Jeff Duncan,Republican,White,0.68
182,3,Jeff Duncan,Republican,White,0.68
183,3,Jeff Duncan,Republican,White,0.68
184,3,Jeff Duncan,Republican,White,0.68
185,3,Jeff Duncan,Republican,White,0.68
186,3,Jeff Duncan,Republican,White,0.68
187,3,Jeff Duncan,Republican,White,0.68
188,3,Jeff Duncan,Republican,White,0.68
189,3,Jeff Duncan,Republican,White,0.68
190,3,Jeff Duncan,Republican,White,0.68
191,6,Jim Clyburn,Democrat,Black,0.65
192,6,Jim Clyburn,Democrat,Black,0.65
193,6,Jim Clyburn,Democrat,Black,0.65
194,6,Jim Clyburn,Democrat,Black,0.65
195,6,Jim Clyburn,Democrat,Black,0.65
196,6,Jim Clyburn,Democrat,Black,0.65
197,6,Jim Clyburn,Democrat,Black,0.65
198,6,Jim Clyburn,Democrat,Black,0.65
199,6,Jim Clyburn,Democrat,Black,0.65
200,6,Jim Clyburn,Democrat,Black,0.65
201,6,Jim Clyburn,Democrat,Black,0.65
202,6,Jim Clyburn,Democrat,Black,0.65
203,6,Jim Clyburn,Democrat,Black,0.65
204,2,Joe Wilson,Republican,White,0.6
205,2,Joe Wilson,Republican,White,0.6
206,2,Joe Wilson,Republican,White,0.6
207,2,Joe Wilson,Republican,White,0.6
208,2,Joe Wilson,Republican,White,0.6
209,2,Joe Wilson,Republican,White,0.6
210,2,Joe Wilson,Republican,White,0.6
211,2,Joe Wilson,Republican,White,0.6
212,2,Joe Wilson,Republican,White,0.6
213,2,Joe Wilson,Republican,White,0.6
214,2,Joe Wilson,Republican,White,0.6
215,2,Joe Wilson,Republican,White,0.6
216,2,Joe Wilson,Republican,White,0.6
217,2,Joe Wilson,Republican,White,0.6
218,2,Joe Wilson,Republican,White,0.6
219,1,Nancy Mace,Republican,White,0.55
220,1,Nancy Mace,Republican,White,0.55
221,1,Nancy Mace,Republican,White,0.55
222,1,Nancy Mace,Republican,White,0.55
223,1,Nancy Mace,Republican,White,0.55
224,1,Nancy Mace,Republican,White,0.55
225,1,Nancy Mace,Republican,White,0.55
226,1,Nancy Mace,Republican,White,0.55
227,1,Nancy Mace,Republican,White,0.55
228,1,Nancy Mace,Republican,White,0.55
229,1,Nancy Mace,Republican,White,0.55
230,1,Nancy Mace,Republican,White,0.55
231,1,Nancy Mace,Republican,White,0.55
232,1,Nancy Mace,Republican,White,0.55
233,1,Nancy Mace,Republican,White,0.55
234,1,Nancy Mace,Republican,White,0.55
235,1,Nancy Mace,Republican,White,0.55
236,1,Nancy Mace,Republican,White,0.55
237,1,Nancy Mace,Republican,White,0.55
238,1,Nancy Mace,Republican,White,0.55
239,1,Nancy Mace,Republican,White,0.55
240,1,Nancy Mace,Republican,White,0.55
241,1,Nancy Mace,Republican,White,0.55
242,1,Nancy Mace,Republican,White,0.55
243,1,Nancy Mace,Republican,White,0.55
244,1,Nancy Mace,Republican,White,0.55
245,1,Nancy Mace,Republican,White,0.55
246,1,Nancy Mace,Republican,White,0.55
247,1,Nancy Mace,Republican,White,0.55
248,1,Nancy Mace,Republican,White,0.55
249,1,Nancy Mace,Republican,White,0.55
250,1,Nancy Mace,Republican,White,0.55
251,1,Nancy Mace,Republican,White,0.55
252,1,Nancy Mace,Republican,White,0.55
253,1,Nancy Mace,Republican,White,0.55
254,1,Nancy Mace,Republican,White,0.55
255,1,Nancy Mace,Republican,White,0.55
256,1,Nancy Mace,Republican,White,0.55
257,1,Nancy Mace,Republican,White,0.55
258,1,Nancy Mace,Republican,White,0.55
259,1,Nancy Mace,Republican,White,0.55
260,1,Nancy Mace,Republican,White,0.55
261,1,Nancy Mace,Republican,White,0.55
262,1,Nancy Mace,Republican,White,0.55
263,1,Nancy Mace,Republican,White,0.55
264,1,Nancy Mace,Republican,White,0.55
265,1,Nancy Mace,Republican,White,0.55
266,1,Nancy Mace,Republican,White,0.55
267,1,Nancy Mace,Republican,White,0.55
268,1,Nancy Mace,Republican,White,0.55
269,1,Nancy Mace,Republican,White,0.55
270,1,Nancy Mace,Republican,White,0.55
271,1,Nancy Mace,Republican,White,0.55
272,1,Nancy Mace,Republican,White,0.55
273,1,Nancy Mace,Republican,White,0.55
274,1,Nancy Mace,Republican,White,0.55
275,1,Nancy Mace,Republican,White,0.55
276,1,Nancy Mace,Republican,White,0.55
277,1,Nancy Mace,Republican,White,0.55
278,1,Nancy Mace,Republican,White,0.55
279,1,Nancy Mace,Republican,White,0.55
280,1,Nancy Mace,Republican,White,0.55
281,1,Nancy Mace,Republican,White,0.55
282,1,Nancy Mace,Republican,White,0.55
283,1,Nancy Mace,Republican,White,0.55
284,1,Nancy Mace,Republican,White,0.55
285,1,Nancy Mace,Republican,White,0.55
286,1,Nancy Mace,Republican,White,0.55
287,1,Nancy Mace,Republican,White,0.55
288,1,Nancy Mace,Republican,White,0.55
289,1,Nancy Mace,Republican,White,0.55
290,1,Nancy Mace,Republican,White,0.55
291,1,Nancy Mace,Republican,White,0.55
292,1,Nancy Mace,Republican,White,0.55
293,1,Nancy Mace,Republican,White,0.55
294,1,Nancy Mace,Republican,White,0.55
295,1,Nancy Mace,Republican,White,0.55
296,1,Nancy Mace,Republican,White,0.55
297,1,Nancy Mace,Republican,White,0.55
298,1,Nancy Mace,Republican,White,0.55
299,1,Nancy Mace,Republican,White,0.55
300,1,Nancy Mace,Republican,White,0.55
301,1,Nancy Mace,Republican,White,0.55
302,1,Nancy Mace,Republican,White,0.55
303,1,Nancy Mace,Republican,White,0.55
304,1,Nancy Mace,Republican,White,0.55
305,1,Nancy Mace,Republican,White,0.55
306,1,Nancy Mace,Republican,White,0.55
307,1,Nancy Mace,Republican,White,0.55
308,1,Nancy Mace,Republican,White,0.55
309,1,Nancy Mace,Republican,White,0.55
310,1,Nancy Mace,Republican,White,0.55
311,1,Nancy Mace,Republican,White,0.55
312,1,Nancy Mace,Republican,White,0.55
313,1,Nancy Mace,Republican,White,0.55
314,1,Nancy Mace,Republican,White,0.55
315,1,Nancy Mace,Republican,White,0.55
316,1,Nancy Mace,Republican,White,0.55
317,1,Nancy Mace,Republican,White,0.55
318,1,Nancy Mace,Republican,White,0.55
319,1,Nancy Mace,Republican,White,0.55
320,1,Nancy Mace,Republican,White,0.55
321,1,Nancy Mace,Republican,White,0.55
322,1,Nancy Mace,Republican,White,0.55
323,1,Nancy Mace,Republican,White,0.55
324,1,Nancy Mace,Republican,White,0.55
325,1,Nancy Mace,Republican,White,0.55
326,1,Nancy Mace,Republican,White,0.55
327,1,Nancy Mace,Republican,White,0.55
328,1,Nancy Mace,Republican,White,0.55
329,1,Nancy Mace,Republican,White,0.55
330,1,Nancy Mace,Republican,White,0.55
331,1,Nancy Mace,Republican,White,0.55
332,1,Nancy Mace,Republican,White,0.55
333,1,Nancy Mace,Republican,White,0.55
334,1,Nancy Mace,Republican,White,0.55
335,1,Nancy Mace,Republican,White,0.55
336,1,Nancy Mace,Republican,White,0.55
337,1,Nancy Mace,Republican,White,0.55
338,1,Nancy Mace,Republican,White,0.55
339,1,Nancy Mace,Republican,White,0.55
340,1,Nancy Mace,Republican,White,0.55
341,1,Nancy Mace,Republican,White,0.55
342,1,Nancy Mace,Republican,White,0.55
343,1,Nancy Mace,Republican,White,0.55
344,1,Nancy Mace,Republican,White,0.55
345,1,Nancy Mace,Republican,White,0.55
346,1,Nancy Mace,Republican,White,0.55
347,1,Nancy Mace,Republican,White,0.55
348,1,Nancy Mace,Republican,White,0.55
349,1,Nancy Mace,Republican,White,0.55
350,1,Nancy Mace,Republican,White,0.55
351,1,Nancy Mace,Republican,White,0.55
352,1,Nancy Mace,Republican,White,0.55
353,1,Nancy Mace,Republican,White,0.55
354,1,Nancy Mace,Republican,White,0.55
355,1,Nancy Mace,Republican,White,0.55
356,1,Nancy Mace,Republican,White,0.55
357,1,Nancy Mace,Republican,White,0.55
358,1,Nancy Mace,Republican,White,0.55
359,1,Nancy Mace,Republican,White,0.55
360,1,Nancy Mace,Republican,White,0.55
361,1,Nancy Mace,Republican,White,0.55
362,1,Nancy Mace,Republican,White,0.55
363,1,Nancy Mace,Republican,White,0.55
364,1,Nancy Mace,Republican,White,0.55
365,1,Nancy Mace,Republican,White,0.55
366,1,Nancy Mace,Republican,White,0.55
367,1,Nancy Mace,Republican,White,0.55
368,1,Nancy Mace,Republican,White,0.55
369,1,Nancy Mace,Republican,White,0.55
370,1,Nancy Mace,Republican,White,0.55
371,1,Nancy Mace,Republican,White,0.55
372,1,Nancy Mace,Republican,White,0.55
373,1,Nancy Mace,Republican,White,0.55
374,1,Nancy Mace,Republican,White,0.55
375,1,Nancy Mace,Republican,White,0.55
376,1,Nancy Mace,Republican,White,0.55
377,1,Nancy Mace,Republican,White,0.55
378,1,Nancy Mace,Republican,White,0.55
379,1,Nancy Mace,Republican,White,0.55
380,1,Nancy Mace,Republican,White,0.55
381,1,Nancy Mace,Republican,White,0.55
382,1,Nancy Mace,Republican,White,0.55
383,1,Nancy Mace,Republican,White,0.55
384,1,Nancy Mace,Republican,White,0.55
385,1,Nancy Mace,Republican,White,0.55
386,1,Nancy Mace,Republican,White,0.55
387,1,Nancy Mace,Republican,White,0.55
388,1,Nancy Mace,Republican,White,0.55
389,1,Nancy Mace,Republican,White,0.55
390,1,Nancy Mace,Republican,White,0.55
391,1,Nancy Mace,Republican,White,0.55
392,1,Nancy Mace,Republican,White,0.55
393,1,Nancy Mace,Republican,White,0.55
394,1,Nancy Mace,Republican,White,0.55
395,1,Nancy Mace,Republican,White,0.55
396,1,Nancy Mace,Republican,White,0.55
397,1,Nancy Mace,Republican,White,0.55
398,1,Nancy Mace,Republican,White,0.55
399,1,Nancy Mace,Republican,White,0.55
400,1,Nancy Mace,Republican,White,0.55
401,1,Nancy Mace,Republican,White,0.55
402,1,Nancy Mace,Republican,White,0.55
403,1,Nancy Mace,Republican,White,0.55
404,1,Nancy Mace,Republican,White,0.55
405,1,Nancy Mace,Republican,White,0.55
406,1,Nancy Mace,Republican,White,0.55
407,1,Nancy Mace,Republican,White,0.55
408,1,Nancy Mace,Republican,White,0.55
409,1,Nancy Mace,Republican,White,0.55
410,1,Nancy Mace,Republican,White,0.55
411,1,Nancy Mace,Republican,White,0.55
412,1,Nancy Mace,Republican,White,0.55
413,1,Nancy Mace,Republican,White,0.55
414,1,Nancy Mace,Republican,White,0.55
415,1,Nancy Mace,Republican,White,0.55
416,1,Nancy Mace,Republican,White,0.55
417,1,Nancy Mace,Republican,White,0.55
418,1,Nancy Mace,Republican,White,0.55
419,1,Nancy Mace,Republican,White,0.55
420,1,Nancy Mace,Republican,White,0.55
421,1,Nancy Mace,Republican,White,0.55
422,1,Nancy Mace,Republican,White,0.55
423,1,Nancy Mace,Republican,White,0.55
424,1,Nancy Mace,Republican,White,0.55
425,1,Nancy Mace,Republican,White,0.55
426,1,Nancy Mace,Republican,White,0.55
427,1,Nancy Mace,Republican,White,0.55
428,1,Nancy Mace,Republican,White,0.55
429,1,Nancy Mace,Republican,White,0.55
430,1,Nancy Mace,Republican,White,0.55
431,1,Nancy Mace,Republican,White,0.55
432,1,Nancy Mace,Republican,White,0.55
433,1,Nancy Mace,Republican,White,0.55
434,1,Nancy Mace,Republican,White,0.55
435,1,Nancy Mace,Republican,White,0.55
436,1,Nancy Mace,Republican,White,0.55
437,1,Nancy Mace,Republican,White,0.55
438,1,Nancy Mace,Republican,White,0.55
439,6,Jim Clyburn,Democrat,Black,0.65
440,6,Jim Clyburn,Democrat,Black,0.65
441,6,Jim Clyburn,Democrat,Black,0.65
442,6,Jim Clyburn,Democrat,Black,0.65
443,6,Jim Clyburn,Democrat,Black,0.65
444,6,Jim Clyburn,Democrat,Black,0.65
445,6,Jim Clyburn,Democrat,Black,0.65
446,6,Jim Clyburn,Democrat,Black,0.65
447,6,Jim Clyburn,Democrat,Black,0.65
448,6,Jim Clyburn,Democrat,Black,0.65
449,6,Jim Clyburn,Democrat,Black,0.65
450,6,Jim Clyburn,Democrat,Black,0.65
451,1,Nancy Mace,Republican,White,0.55
452,6,Jim Clyburn,Democrat,Black,0.65
453,6,Jim Clyburn,Democrat,Black,0.65
454,6,Jim Clyburn,Democrat,Black,0.65
455,6,Jim Clyburn,Democrat,Black,0.65
456,6,Jim Clyburn,Democrat,Black,0.65
457,6,Jim Clyburn,Democrat,Black,0.65
458,6,Jim Clyburn,Democrat,Black,0.65
459,6,Jim Clyburn,Democrat,Black,0.65
460,6,Jim Clyburn,Democrat,Black,0.65
461,6,Jim Clyburn,Democrat,Black,0.65
462,6,Jim Clyburn,Democrat,Black,0.65
463,6,Jim Clyburn,Democrat,Black,0.65
464,6,Jim Clyburn,Democrat,Black,0.65
465,6,Jim Clyburn,Democrat,Black,0.65
466,6,Jim Clyburn,Democrat,Black,0.65
467,6,Jim Clyburn,Democrat,Black,0.65
468,6,Jim Clyburn,Democrat,Black,0.65
469,6,Jim Clyburn,Democrat,Black,0.65
470,6,Jim Clyburn,Democrat,Black,0.65
471,6,Jim Clyburn,Democrat,Black,0.65
472,6,Jim Clyburn,Democrat,Black,0.65
473,1,Nancy Mace,Republican,White,0.55
474,6,Jim Clyburn,Democrat,Black,0.65
475,6,Jim Clyburn,Democrat,Black,0.65
476,6,Jim Clyburn,Democrat,Black,0.65
477,6,Jim Clyburn,Democrat,Black,0.65
478,6,Jim Clyburn,Democrat,Black,0.65
479,6,Jim Clyburn,Democrat,Black,0.65
480,1,Nancy Mace,Republican,White,0.55
481,1,Nancy Mace,Republican,White,0.55
482,1,Nancy Mace,Republican,White,0.55
483,1,Nancy Mace,Republican,White,0.55
484,1,Nancy Mace,Republican,White,0.55
485,1,Nancy Mace,Republican,White,0.55
486,1,Nancy Mace,Republican,White,0.55
487,1,Nancy Mace,Republican,White,0.55
488,1,Nancy Mace,Republican,White,0.55
489,1,Nancy Mace,Republican,White,0.55
490,1,Nancy Mace,Republican,White,0.55
491,1,Nancy Mace,Republican,White,0.55
492,1,Nancy Mace,Republican,White,0.55
493,1,Nancy Mace,Republican,White,0.55
494,1,Nancy Mace,Republican,White,0.55
495,1,Nancy Mace,Republican,White,0.55
496,1,Nancy Mace,Republican,White,0.55
497,1,Nancy Mace,Republican,White,0.55
498,1,Nancy Mace,Republican,White,0.55
499,1,Nancy Mace,Republican,White,0.55
500,1,Nancy Mace,Republican,White,0.55
501,1,Nancy Mace,Republican,White,0.55
502,1,Nancy Mace,Republican,White,0.55
503,1,Nancy Mace,Republican,White,0.55
504,1,Nancy Mace,Republican,White,0.55
505,1,Nancy Mace,Republican,White,0.55
506,1,Nancy Mace,Republican,White,0.55
507,1,Nancy Mace,Republican,White,0.55
508,1,Nancy Mace,Republican,White,0.55
509,1,Nancy Mace,Republican,White,0.55
510,1,Nancy Mace,Republican,White,0.55
511,1,Nancy Mace,Republican,White,0.55
512,1,Nancy Mace,Republican,White,0.55
513,6,Jim Clyburn,Democrat,Black,0.65
514,6,Jim Clyburn,Democrat,Black,0.65
515,1,Nancy Mace,Republican,White,0.55
516,1,Nancy Mace,Republican,White,0.55
517,1,Nancy Mace,Republican,White,0.55
518,1,Nancy Mace,Republican,White,0.55
519,1,Nancy Mace,Republican,White,0.55
520,1,Nancy Mace,Republican,White,0.55
521,1,Nancy Mace,Republican,White,0.55
522,1,Nancy Mace,Republican,White,0.55
523,1,Nancy Mace,Republican,White,0.55
524,1,Nancy Mace,Republican,White,0.55
525,1,Nancy Mace,Republican,White,0.55
526,1,Nancy Mace,Republican,White,0.55
527,1,Nancy Mace,Republican,White,0.55
528,1,Nancy Mace,Republican,White,0.55
529,1,Nancy Mace,Republican,White,0.55
530,1,Nancy Mace,Republican,White,0.55
531,1,Nancy Mace,Republican,White,0.55
532,1,Nancy Mace,Republican,White,0.55
533,1,Nancy Mace,Republican,White,0.55
534,1,Nancy Mace,Republican,White,0.55
535,1,Nancy Mace,Republican,White,0.55
536,1,Nancy Mace,Republican,White,0.55
537,1,Nancy Mace,Republican,White,0.55
538,1,Nancy Mace,Republican,White,0.55
539,1,Nancy Mace,Republican,White,0.55
540,1,Nancy Mace,Republican,White,0.55
541,1,Nancy Mace,Republican,White,0.55
542,1,Nancy Mace,Republican,White,0.55
543,1,Nancy Mace,Republican,White,0.55
544,1,Nancy Mace,Republican,White,0.55
545,1,Nancy Mace,Republican,White,0.55
546,1,Nancy Mace,Republican,White,0.55
547,1,Nancy Mace,Republican,White,0.55
548,1,Nancy Mace,Republican,White,0.55
549,1,Nancy Mace,Republican,White,0.55
550,1,Nancy Mace,Republican,White,0.55
551,1,Nancy Mace,Republican,White,0.55
552,1,Nancy Mace,Republican,White,0.55
553,1,Nancy Mace,Republican,White,0.55
554,1,Nancy Mace,Republican,White,0.55
555,6,Jim Clyburn,Democrat,Black,0.65
556,6,Jim Clyburn,Democrat,Black,0.65
557,6,Jim Clyburn,Democrat,Black,0.65
558,6,Jim Clyburn,Democrat,Black,0.65
559,6,Jim Clyburn,Democrat,Black,0.65
560,6,Jim Clyburn,Democrat,Black,0.65
561,6,Jim Clyburn,Democrat,Black,0.65
562,6,Jim Clyburn,Democrat,Black,0.65
563,6,Jim Clyburn,Democrat,Black,0.65
564,6,Jim Clyburn,Democrat,Black,0.65
565,6,Jim Clyburn,Democrat,Black,0.65
566,6,Jim Clyburn,Democrat,Black,0.65
567,6,Jim Clyburn,Democrat,Black,0.65
568,6,Jim Clyburn,Democrat,Black,0.65
569,6,Jim Clyburn,Democrat,Black,0.65
570,6,Jim Clyburn,Democrat,Black,0.65
571,6,Jim Clyburn,Democrat,Black,0.65
572,6,Jim Clyburn,Democrat,Black,0.65
573,6,Jim Clyburn,Democrat,Black,0.65
574,6,Jim Clyburn,Democrat,Black,0.65
575,6,Jim Clyburn,Democrat,Black,0.65
576,6,Jim Clyburn,Democrat,Black,0.65
577,6,Jim Clyburn,Democrat,Black,0.65
578,6,Jim Clyburn,Democrat,Black,0.65
579,6,Jim Clyburn,Democrat,Black,0.65
580,6,Jim Clyburn,Democrat,Black,0.65
581,6,Jim Clyburn,Democrat,Black,0.65
582,6,Jim Clyburn,Democrat,Black,0.65
583,6,Jim Clyburn,Democrat,Black,0.65
584,6,Jim Clyburn,Democrat,Black,0.65
585,1,Nancy Mace,Republican,White,0.55
586,6,Jim Clyburn,Democrat,Black,0.65
587,6,Jim Clyburn,Democrat,Black,0.65
588,6,Jim Clyburn,Democrat,Black,0.65
589,6,Jim Clyburn,Democrat,Black,0.65
590,6,Jim Clyburn,Democrat,Black,0.65
591,6,Jim Clyburn,Democrat,Black,0.65
592,6,Jim Clyburn,Democrat,Black,0.65
593,6,Jim Clyburn,Democrat,Black,0.65
594,6,Jim Clyburn,Democrat,Black,0.65
595,6,Jim Clyburn,Democrat,Black,0.65
596,6,Jim Clyburn,Democrat,Black,0.65
597,6,Jim Clyburn,Democrat,Black,0.65
598,6,Jim Clyburn,Democrat,Black,0.65
599,6,Jim Clyburn,Democrat,Black,0.65
600,6,Jim Clyburn,Democrat,Black,0.65
601,6,Jim Clyburn,Democrat,Black,0.65
602,6,Jim Clyburn,Democrat,Black,0.65
603,6,Jim Clyburn,Democrat,Black,0.65
604,6,Jim Clyburn,Democrat,Black,0.65
605,6,Jim Clyburn,Democrat,Black,0.65
606,6,Jim Clyburn,Democrat,Black,0.65
607,6,Jim Clyburn,Democrat,Black,0.65
608,6,Jim Clyburn,Democrat,Black,0.65
609,6,Jim Clyburn,Democrat,Black,0.65
610,6,Jim Clyburn,Democrat,Black,0.65
611,6,Jim Clyburn,Democrat,Black,0.65
612,6,Jim Clyburn,Democrat,Black,0.65
613,6,Jim Clyburn,Democrat,Black,0.65
614,6,Jim Clyburn,Democrat,Black,0.65
615,6,Jim Clyburn,Democrat,Black,0.65
616,6,Jim Clyburn,Democrat,Black,0.65
617,6,Jim Clyburn,Democrat,Black,0.65
618,6,Jim Clyburn,Democrat,Black,0.65
619,6,Jim Clyburn,Democrat,Black,0.65
620,6,Jim Clyburn,Democrat,Black,0.65
621,6,Jim Clyburn,Democrat,Black,0.65
622,6,Jim Clyburn,Democrat,Black,0.65
623,6,Jim Clyburn,Democrat,Black,0.65
624,6,Jim Clyburn,Democrat,Black,0.65
625,6,Jim Clyburn,Democrat,Black,0.65
626,6,Jim Clyburn,Democrat,Black,0.65
627,6,Jim Clyburn,Democrat,Black,0.65
628,6,Jim Clyburn,Democrat,Black,0.65
629,6,Jim Clyburn,Democrat,Black,0.65
630,1,Nancy Mace,Republican,White,0.55
631,1,Nancy Mace,Republican,White,0.55
632,1,Nancy Mace,Republican,White,0.55
633,5,Ralph Norman,Republican,White,0.59
634,5,Ralph Norman,Republican,White,0.59
635,5,Ralph Norman,Republican,White,0.59
636,5,Ralph Norman,Republican,White,0.59
637,5,Ralph Norman,Republican,White,0.59
638,5,Ralph Norman,Republican,White,0.59
639,5,Ralph Norman,Republican,White,0.59
640,5,Ralph Norman,Republican,White,0.59
641,5,Ralph Norman,Republican,White,0.59
642,5,Ralph Norman,Republican,White,0.59
643,5,Ralph Norman,Republican,White,0.59
644,5,Ralph Norman,Republican,White,0.59
645,5,Ralph Norman,Republican,White,0.59
646,5,Ralph Norman,Republican,White,0.59
647,5,Ralph Norman,Republican,White,0.59
648,5,Ralph Norman,Republican,White,0.59
649,5,Ralph Norman,Republican,White,0.59
650,5,Ralph Norman,Republican,White,0.59
651,5,Ralph Norman,Republican,White,0.59
652,5,Ralph Norman,Republican,White,0.59
653,5,Ralph Norman,Republican,White,0.59
654,5,Ralph Norman,Republican,White,0.59
655,5,Ralph Norman,Republican,White,0.59
656,5,Ralph Norman,Republican,White,0.59
657,5,Ralph Norman,Republican,White,0.59
658,5,Ralph Norman,Republican,White,0.59
659,5,Ralph Norman,Republican,White,0.59
660,5,Ralph Norman,Republican,White,0.59
661,5,Ralph Norman,Republican,White,0.59
662,5,Ralph Norman,Republican,White,0.59
663,5,Ralph Norman,Republican,White,0.59
664,5,Ralph Norman,Republican,White,0.59
665,5,Ralph Norman,Republican,White,0.59
666,5,Ralph Norman,Republican,White,0.59
667,5,Ralph Norman,Republican,White,0.59
668,5,Ralph Norman,Republican,White,0.59
669,5,Ralph Norman,Republican,White,0.59
670,5,Ralph Norman,Republican,White,0.59
671,5,Ralph Norman,Republican,White,0.59
672,5,Ralph Norman,Republican,White,0.59
673,5,Ralph Norman,Republican,White,0.59
674,5,Ralph Norman,Republican,White,0.59
675,5,Ralph Norman,Republican,White,0.59
676,5,Ralph Norman,Republican,White,0.59
677,5,Ralph Norman,Republican,White,0.59
678,5,Ralph Norman,Republican,White,0.59
679,5,Ralph Norman,Republican,White,0.59
680,5,Ralph Norman,Republican,White,0.59
681,5,Ralph Norman,Republican,White,0.59
682,5,Ralph Norman,Republican,White,0.59
683,7,Russell Fry,Republican,White,0.58
684,7,Russell Fry,Republican,White,0.58
685,7,Russell Fry,Republican,White,0.58
686,7,Russell Fry,Republican,White,0.58
687,7,Russell Fry,Republican,White,0.58
688,7,Russell Fry,Republican,White,0.58
689,7,Russell Fry,Republican,White,0.58
690,7,Russell Fry,Republican,White,0.58
691,7,Russell Fry,Republican,White,0.58
692,7,Russell Fry,Republican,White,0.58
693,7,Russell Fry,Republican,White,0.58
694,7,Russell Fry,Republican,White,0.58
695,7,Russell Fry,Republican,White,0.58
696,7,Russell Fry,Republican,White,0.58
697,7,Russell Fry,Republican,White,0.58
698,7,Russell Fry,Republican,White,0.58
699,7,Russell Fry,Republican,White,0.58
700,7,Russell Fry,Republican,White,0.58
701,7,Russell Fry,Republican,White,0.58
702,7,Russell Fry,Republican,White,0.58
703,7,Russell Fry,Republican,White,0.58
704,7,Russell Fry,Republican,White,0.58
705,7,Russell Fry,Republican,White,0.58
706,7,Russell Fry,Republican,White,0.58
707,7,Russell Fry,Republican,White,0.58
708,6,Jim Clyburn,Democrat,Black,0.65
709,6,Jim Clyburn,Democrat,Black,0.65
710,6,Jim Clyburn,Democrat,Black,0.65
711,6,Jim Clyburn,Democrat,Black,0.65
712,6,Jim Clyburn,Democrat,Black,0.65
713,6,Jim Clyburn,Democrat,Black,0.65
714,6,Jim Clyburn,Democrat,Black,0.65
715,6,Jim Clyburn,Democrat,Black,0.65
716,6,Jim Clyburn,Democrat,Black,0.65
717,6,Jim Clyburn,Democrat,Black,0.65
718,6,Jim Clyburn,Democrat,Black,0.65
719,6,Jim Clyburn,Democrat,Black,0.65
720,6,Jim Clyburn,Democrat,Black,0.65
721,6,Jim Clyburn,Democrat,Black,0.65
722,6,Jim Clyburn,Democrat,Black,0.65
723,6,Jim Clyburn,Democrat,Black,0.65
724,6,Jim Clyburn,Democrat,Black,0.65
725,6,Jim Clyburn,Democrat,Black,0.65
726,6,Jim Clyburn,Democrat,Black,0.65
727,6,Jim Clyburn,Democrat,Black,0.65
728,6,Jim Clyburn,Democrat,Black,0.65
729,6,Jim Clyburn,Democrat,Black,0.65
730,6,Jim Clyburn,Democrat,Black,0.65
731,6,Jim Clyburn,Democrat,Black,0.65
732,6,Jim Clyburn,Democrat,Black,0.65
733,6,Jim Clyburn,Democrat,Black,0.65
734,6,Jim Clyburn,Democrat,Black,0.65
735,6,Jim Clyburn,Democrat,Black,0.65
736,6,Jim Clyburn,Democrat,Black,0.65
737,6,Jim Clyburn,Democrat,Black,0.65
738,6,Jim Clyburn,Democrat,Black,0.65
739,1,Nancy Mace,Republican,White,0.55
740,1,Nancy Mace,Republican,White,0.55
741,6,Jim Clyburn,Democrat,Black,0.65
742,6,Jim Clyburn,Democrat,Black,0.65
743,6,Jim Clyburn,Democrat,Black,0.65
744,6,Jim Clyburn,Democrat,Black,0.65
745,6,Jim Clyburn,Democrat,Black,0.65
746,6,Jim Clyburn,Democrat,Black,0.65
747,6,Jim Clyburn,Democrat,Black,0.65
748,6,Jim Clyburn,Democrat,Black,0.65
749,6,Jim Clyburn,Democrat,Black,0.65
750,6,Jim Clyburn,Democrat,Black,0.65
751,6,Jim Clyburn,Democrat,Black,0.65
752,6,Jim Clyburn,Democrat,Black,0.65
753,6,Jim Clyburn,Democrat,Black,0.65
754,6,Jim Clyburn,Democrat,Black,0.65
755,6,Jim Clyburn,Democrat,Black,0.65
756,6,Jim Clyburn,Democrat,Black,0.65
757,6,Jim Clyburn,Democrat,Black,0.65
758,6,Jim Clyburn,Democrat,Black,0.65
759,6,Jim Clyburn,Democrat,Black,0.65
760,6,Jim Clyburn,Democrat,Black,0.65
761,6,Jim Clyburn,Democrat,Black,0.65
762,6,Jim Clyburn,Democrat,Black,0.65
763,6,Jim Clyburn,Democrat,Black,0.65
764,6,Jim Clyburn,Democrat,Black,0.65
765,7,Russell Fry,Republican,White,0.58
766,7,Russell Fry,Republican,White,0.58
767,7,Russell Fry,Republican,White,0.58
768,7,Russell Fry,Republican,White,0.58
769,7,Russell Fry,Republican,White,0.58
770,7,Russell Fry,Republican,White,0.58
771,7,Russell Fry,Republican,White,0.58
772,7,Russell Fry,Republican,White,0.58
773,7,Russell Fry,Republican,White,0.58
774,7,Russell Fry,Republican,White,0.58
775,7,Russell Fry,Republican,White,0.58
776,7,Russell Fry,Republican,White,0.58
777,7,Russell Fry,Republican,White,0.58
778,7,Russell Fry,Republican,White,0.58
779,7,Russell Fry,Republican,White,0.58
780,7,Russell Fry,Republican,White,0.58
781,7,Russell Fry,Republican,White,0.58
782,7,Russell Fry,Republican,White,0.58
783,7,Russell Fry,Republican,White,0.58
784,7,Russell Fry,Republican,White,0.58
785,7,Russell Fry,Republican,White,0.58
786,7,Russell Fry,Republican,White,0.58
787,7,Russell Fry,Republican,White,0.58
788,7,Russell Fry,Republican,White,0.58
789,7,Russell Fry,Republican,White,0.58
790,7,Russell Fry,Republican,White,0.58
791,7,Russell Fry,Republican,White,0.58
792,7,Russell Fry,Republican,White,0.58
793,7,Russell Fry,Republican,White,0.58
794,7,Russell Fry,Republican,White,0.58
795,7,Russell Fry,Republican,White,0.58
796,7,Russell Fry,Republican,White,0.58
797,7,Russell Fry,Republican,White,0.58
798,7,Russell Fry,Republican,White,0.58
799,7,Russell Fry,Republican,White,0.58
800,7,Russell Fry,Republican,White,0.58
801,7,Russell Fry,Republican,White,0.58
802,7,Russell Fry,Republican,White,0.58
803,7,Russell Fry,Republican,White,0.58
804,7,Russell Fry,Republican,White,0.58
805,7,Russell Fry,Republican,White,0.58
806,7,Russell Fry,Republican,White,0.58
807,7,Russell Fry,Republican,White,0.58
808,7,Russell Fry,Republican,White,0.58
809,7,Russell Fry,Republican,White,0.58
810,7,Russell Fry,Republican,White,0.58
811,7,Russell Fry,Republican,White,0.58
812,7,Russell Fry,Republican,White,0.58
813,7,Russell Fry,Republican,White,0.58
814,7,Russell Fry,Republican,White,0.58
815,7,Russell Fry,Republican,White,0.58
816,6,Jim Clyburn,Democrat,Black,0.65
817,6,Jim Clyburn,Democrat,Black,0.65
818,1,Nancy Mace,Republican,White,0.55
819,1,Nancy Mace,Republican,White,0.55
820,1,Nancy Mace,Republican,White,0.55
821,1,Nancy Mace,Republican,White,0.55
822,6,Jim Clyburn,Democrat,Black,0.65
823,1,Nancy Mace,Republican,White,0.55
824,1,Nancy Mace,Republican,White,0.55
825,1,Nancy Mace,Republican,White,0.55
826,6,Jim Clyburn,Democrat,Black,0.65
827,1,Nancy Mace,Republican,White,0.55
828,1,Nancy Mace,Republican,White,0.55
829,1,Nancy Mace,Republican,White,0.55
830,1,Nancy Mace,Republican,White,0.55
831,1,Nancy Mace,Republican,White,0.55
832,1,Nancy Mace,Republican,White,0.55
833,1,Nancy Mace,Republican,White,0.55
834,1,Nancy Mace,Republican,White,0.55
835,1,Nancy Mace,Republican,White,0.55
836,1,Nancy Mace,Republican,White,0.55
837,1,Nancy Mace,Republican,White,0.55
838,1,Nancy Mace,Republican,White,0.55
839,1,Nancy Mace,Republican,White,0.55
840,1,Nancy Mace,Republican,White,0.55
841,1,Nancy Mace,Republican,White,0.55
842,1,Nancy Mace,Republican,White,0.55
843,1,Nancy Mace,Republican,White,0.55
844,1,Nancy Mace,Republican,White,0.55
845,1,Nancy Mace,Republican,White,0.55
846,1,Nancy Mace,Republican,White,0.55
847,6,Jim Clyburn,Democrat,Black,0.65
848,1,Nancy Mace,Republican,White,0.55
849,1,Nancy Mace,Republican,White,0.55
850,1,Nancy Mace,Republican,White,0.55
851,1,Nancy Mace,Republican,White,0.55
852,1,Nancy Mace,Republican,White,0.55
853,6,Jim Clyburn,Democrat,Black,0.65
854,1,Nancy Mace,Republican,White,0.55
855,6,Jim Clyburn,Democrat,Black,0.65
856,1,Nancy Mace,Republican,White,0.55
857,1,Nancy Mace,Republican,White,0.55
858,1,Nancy Mace,Republican,White,0.55
859,6,Jim Clyburn,Democrat,Black,0.65
860,6,Jim Clyburn,Democrat,Black,0.65
861,6,Jim Clyburn,Democrat,Black,0.65
862,6,Jim Clyburn,Democrat,Black,0.65
863,1,Nancy Mace,Republican,White,0.55
864,1,Nancy Mace,Republican,White,0.55
865,1,Nancy Mace,Republican,White,0.55
866,1,Nancy Mace,Republican,White,0.55
867,1,Nancy Mace,Republican,White,0.55
868,1,Nancy Mace,Republican,White,0.55
869,6,Jim Clyburn,Democrat,Black,0.65
870,1,Nancy Mace,Republican,White,0.55
871,1,Nancy Mace,Republican,White,0.55
872,1,Nancy Mace,Republican,White,0.55
873,1,Nancy Mace,Republican,White,0.55
874,1,Nancy Mace,Republican,White,0.55
875,1,Nancy Mace,Republican,White,0.55
876,1,Nancy Mace,Republican,White,0.55
877,6,Jim Clyburn,Democrat,Black,0.65
878,6,Jim Clyburn,Democrat,Black,0.65
879,6,Jim Clyburn,Democrat,Black,0.65
880,6,Jim Clyburn,Democrat,Black,0.65
881,6,Jim Clyburn,Democrat,Black,0.65
882,6,Jim Clyburn,Democrat,Black,0.65
883,6,Jim Clyburn,Democrat,Black,0.65
884,1,Nancy Mace,Republican,White,0.55
885,1,Nancy Mace,Republican,White,0.55
886,6,Jim Clyburn,Democrat,Black,0.65
887,6,Jim Clyburn,Democrat,Black,0.65
888,1,Nancy Mace,Republican,White,0.55
889,1,Nancy Mace,Republican,White,0.55
890,1,Nancy Mace,Republican,White,0.55
891,1,Nancy Mace,Republican,White,0.55
892,1,Nancy Mace,Republican,White,0.55
893,1,Nancy Mace,Republican,White,0.55
894,1,Nancy Mace,Republican,White,0.55
895,6,Jim Clyburn,Democrat,Black,0.65
896,6,Jim Clyburn,Democrat,Black,0.65
897,3,Jeff Duncan,Republican,White,0.68
898,3,Jeff Duncan,Republican,White,0.68
899,3,Jeff Duncan,Republican,White,0.68
900,3,Jeff Duncan,Republican,White,0.68
901,3,Jeff Duncan,Republican,White,0.68
902,3,Jeff Duncan,Republican,White,0.68
903,3,Jeff Duncan,Republican,White,0.68
904,3,Jeff Duncan,Republican,White,0.68
905,3,Jeff Duncan,Republican,White,0.68
906,3,Jeff Duncan,Republican,White,0.68
907,3,Jeff Duncan,Republican,White,0.68
908,3,Jeff Duncan,Republican,White,0.68
909,5,Ralph Norman,Republican,White,0.59
910,5,Ralph Norman,Republican,White,0.59
911,5,Ralph Norman,Republican,White,0.59
912,5,Ralph Norman,Republican,White,0.59
913,5,Ralph Norman,Republican,White,0.59
914,5,Ralph Norman,Republican,White,0.59
915,5,Ralph Norman,Republican,White,0.59
916,5,Ralph Norman,Republican,White,0.59
917,5,Ralph Norman,Republican,White,0.59
918,5,Ralph Norman,Republican,White,0.59
919,5,Ralph Norman,Republican,White,0.59
920,5,Ralph Norman,Republican,White,0.59
921,5,Ralph Norman,Republican,White,0.59
922,5,Ralph Norman,Republican,White,0.59
923,5,Ralph Norman,Republican,White,0.59
924,5,Ralph Norman,Republican,White,0.59
925,5,Ralph Norman,Republican,White,0.59
926,5,Ralph Norman,Republican,White,0.59
927,5,Ralph Norman,Republican,White,0.59
928,5,Ralph Norman,Republican,White,0.59
929,5,Ralph Norman,Republican,White,0.59
930,5,Ralph Norman,Republican,White,0.59
931,7,Russell Fry,Republican,White,0.58
932,7,Russell Fry,Republican,White,0.58
933,7,Russell Fry,Republican,White,0.58
934,7,Russell Fry,Republican,White,0.58
935,7,Russell Fry,Republican,White,0.58
936,7,Russell Fry,Republican,White,0.58
937,7,Russell Fry,Republican,White,0.58
938,7,Russell Fry,Republican,White,0.58
939,7,Russell Fry,Republican,White,0.58
940,7,Russell Fry,Republican,White,0.58
941,7,Russell Fry,Republican,White,0.58
942,7,Russell Fry,Republican,White,0.58
943,7,Russell Fry,Republican,White,0.58
944,7,Russell Fry,Republican,White,0.58
945,7,Russell Fry,Republican,White,0.58
946,7,Russell Fry,Republican,White,0.58
947,7,Russell Fry,Republican,White,0.58
948,7,Russell Fry,Republican,White,0.58
949,7,Russell Fry,Republican,White,0.58
950,7,Russell Fry,Republican,White,0.58
951,7,Russell Fry,Republican,White,0.58
952,7,Russell Fry,Republican,White,0.58
953,7,Russell Fry,Republican,White,0.58
954,7,Russell Fry,Republican,White,0.58
955,7,Russell Fry,Republican,White,0.58
956,7,Russell Fry,Republican,White,0.58
957,7,Russell Fry,Republican,White,0.58
958,7,Russell Fry,Republican,White,0.58
959,7,Russell Fry,Republican,White,0.58
960,7,Russell Fry,Republican,White,0.58
961,7,Russell Fry,Republican,White,0.58
962,7,Russell Fry,Republican,White,0.58
963,7,Russell Fry,Republican,White,0.58
964,6,Jim Clyburn,Democrat,Black,0.65
965,7,Russell Fry,Republican,White,0.58
966,7,Russell Fry,Republican,White,0.58
967,6,Jim Clyburn,Democrat,Black,0.65
968,6,Jim Clyburn,Democrat,Black,0.65
969,6,Jim Clyburn,Democrat,Black,0.65
970,6,Jim Clyburn,Democrat,Black,0.65
971,6,Jim Clyburn,Democrat,Black,0.65
972,7,Russell Fry,Republican,White,0.58
973,7,Russell Fry,Republican,White,0.58
974,7,Russell Fry,Republican,White,0.58
975,7,Russell Fry,Republican,White,0.58
976,7,Russell Fry,Republican,White,0.58
977,7,Russell Fry,Republican,White,0.58
978,7,Russell Fry,Republican,White,0.58
979,7,Russell Fry,Republican,White,0.58
980,7,Russell Fry,Republican,White,0.58
981,7,Russell Fry,Republican,White,0.58
982,7,Russell Fry,Republican,White,0.58
983,7,Russell Fry,Republican,White,0.58
984,7,Russell Fry,Republican,White,0.58
985,7,Russell Fry,Republican,White,0.58
986,7,Russell Fry,Republican,White,0.58
987,7,Russell Fry,Republican,White,0.58
988,7,Russell Fry,Republican,White,0.58
989,7,Russell Fry,Republican,White,0.58
990,7,Russell Fry,Republican,White,0.58
991,7,Russell Fry,Republican,White,0.58
992,7,Russell Fry,Republican,White,0.58
993,7,Russell Fry,Republican,White,0.58
994,7,Russell Fry,Republican,White,0.58
995,7,Russell Fry,Republican,White,0.58
996,7,Russell Fry,Republican,White,0.58
997,7,Russell Fry,Republican,White,0.58
998,7,Russell Fry,Republican,White,0.58
999,7,Russell Fry,Republican,White,0.58
1000,7,Russell Fry,Republican,White,0.58
1001,7,Russell Fry,Republican,White,0.58
1002,7,Russell Fry,Republican,White,0.58
1003,7,Russell Fry,Republican,White,0.58
1004,7,Russell Fry,Republican,White,0.58
1005,7,Russell Fry,Republican,White,0.58
1006,7,Russell Fry,Republican,White,0.58
1007,7,Russell Fry,Republican,White,0.58
1008,7,Russell Fry,Republican,White,0.58
1009,7,Russell Fry,Republican,White,0.58
1010,7,Russell Fry,Republican,White,0.58
1011,7,Russell Fry,Republican,White,0.58
1012,7,Russell Fry,Republican,White,0.58
1013,7,Russell Fry,Republican,White,0.58
1014,7,Russell Fry,Republican,White,0.58
1015,7,Russell Fry,Republican,White,0.58
1016,7,Russell Fry,Republican,White,0.58
1017,7,Russell Fry,Republican,White,0.58
1018,7,Russell Fry,Republican,White,0.58
1019,7,Russell Fry,Republican,White,0.58
1020,7,Russell Fry,Republican,White,0.58
1021,7,Russell Fry,Republican,White,0.58
1022,7,Russell Fry,Republican,White,0.58
1023,7,Russell Fry,Republican,White,0.58
1024,7,Russell Fry,Republican,White,0.58
1025,7,Russell Fry,Republican,White,0.58
1026,7,Russell Fry,Republican,White,0.58
1027,7,Russell Fry,Republican,White,0.58
1028,4,William Timmons,Republican,White,0.62
1029,4,William Timmons,Republican,White,0.62
1030,4,William Timmons,Republican,White,0.62
1031,4,William Timmons,Republican,White,0.62
1032,3,Jeff Duncan,Republican,White,0.68
1033,4,William Timmons,Republican,White,0.62
1034,4,William Timmons,Republican,White,0.62
1035,4,William Timmons,Republican,White,0.62
1036,4,William Timmons,Republican,White,0.62
1037,4,William Timmons,Republican,White,0.62
1038,4,William Timmons,Republican,White,0.62
1039,4,William Timmons,Republican,White,0.62
1040,4,William Timmons,Republican,White,0.62
1041,4,William Timmons,Republican,White,0.62
1042,4,William Timmons,Republican,White,0.62
1043,4,William Timmons,Republican,White,0.62
1044,4,William Timmons,Republican,White,0.62
1045,4,William Timmons,Republican,White,0.62
1046,4,William Timmons,Republican,White,0.62
1047,4,William Timmons,Republican,White,0.62
1048,4,William Timmons,Republican,White,0.62
1049,4,William Timmons,Republican,White,0.62
1050,4,William Timmons,Republican,White,0.62
1051,4,William Timmons,Republican,White,0.62
1052,4,William Timmons,Republican,White,0.62
1053,3,Jeff Duncan,Republican,White,0.68
1054,4,William Timmons,Republican,White,0.62
1055,4,William Timmons,Republican,White,0.62
1056,4,William Timmons,Republican,White,0.62
1057,4,William Timmons,Republican,White,0.62
1058,4,William Timmons,Republican,White,0.62
1059,3,Jeff Duncan,Republican,White,0.68
1060,3,Jeff Duncan,Republican,White,0.68
1061,3,Jeff Duncan,Republican,White,0.68
1062,4,William Timmons,Republican,White,0.62
1063,4,William Timmons,Republican,White,0.62
1064,4,William Timmons,Republican,White,0.62
1065,4,William Timmons,Republican,White,0.62
1066,4,William Timmons,Republican,White,0.62
1067,4,William Timmons,Republican,White,0.62
1068,4,William Timmons,Republican,White,0.62
1069,4,William Timmons,Republican,White,0.62
1070,4,William Timmons,Republican,White,0.62
1071,4,William Timmons,Republican,White,0.62
1072,4,William Timmons,Republican,White,0.62
1073,4,William Timmons,Republican,White,0.62
1074,4,William Timmons,Republican,White,0.62
1075,4,William Timmons,Republican,White,0.62
1076,4,William Timmons,Republican,White,0.62
1077,4,William Timmons,Republican,White,0.62
1078,4,William Timmons,Republican,White,0.62
1079,4,William Timmons,Republican,White,0.62
1080,4,William Timmons,Republican,White,0.62
1081,4,William Timmons,Republican,White,0.62
1082,4,William Timmons,Republican,White,0.62
1083,4,William Timmons,Republican,White,0.62
1084,4,William Timmons,Republican,White,0.62
1085,4,William Timmons,Republican,White,0.62
1086,4,William Timmons,Republican,White,0.62
1087,4,William Timmons,Republican,White,0.62
1088,4,William Timmons,Republican,White,0.62
1089,4,William Timmons,Republican,White,0.62
1090,4,William Timmons,Republican,White,0.62
1091,4,William Timmons,Republican,White,0.62
1092,4,William Timmons,Republican,White,0.62
1093,4,William Timmons,Republican,White,0.62
1094,4,William Timmons,Republican,White,0.62
1095,4,William Timmons,Republican,White,0.62
1096,4,William Timmons,Republican,White,0.62
1097,4,William Timmons,Republican,White,0.62
1098,4,William Timmons,Republican,White,0.62
1099,4,William Timmons,Republican,White,0.62
1100,4,William Timmons,Republican,White,0.62
1101,3,Jeff Duncan,Republican,White,0.68
1102,4,William Timmons,Republican,White,0.62
1103,4,William Timmons,Republican,White,0.62
1104,4,William Timmons,Republican,White,0.62
1105,4,William Timmons,Republican,White,0.62
1106,4,William Timmons,Republican,White,0.62
1107,4,William Timmons,Republican,White,0.62
1108,4,William Timmons,Republican,White,0.62
1109,4,William Timmons,Republican,White,0.62
1110,4,William Timmons,Republican,White,0.62
1111,4,William Timmons,Republican,White,0.62
1112,4,William Timmons,Republican,White,0.62
1113,4,William Timmons,Republican,White,0.62
1114,4,William Timmons,Republican,White,0.62
1115,4,William Timmons,Republican,White,0.62
1116,4,William Timmons,Republican,White,0.62
1117,3,Jeff Duncan,Republican,White,0.68
1118,4,William Timmons,Republican,White,0.62
1119,4,William Timmons,Republican,White,0.62
1120,4,William Timmons,Republican,White,0.62
1121,4,William Timmons,Republican,White,0.62
1122,4,William Timmons,Republican,White,0.62
1123,4,William Timmons,Republican,White,0.62
1124,4,William Timmons,Republican,White,0.62
1125,3,Jeff Duncan,Republican,White,0.68
1126,3,Jeff Duncan,Republican,White,0.68
1127,4,William Timmons,Republican,White,0.62
1128,3,Jeff Duncan,Republican,White,0.68
1129,4,William Timmons,Republican,White,0.62
1130,3,Jeff Duncan,Republican,White,0.68
1131,4,William Timmons,Republican,White,0.62
1132,4,William Timmons,Republican,White,0.62
1133,4,William Timmons,Republican,White,0.62
1134,4,William Timmons,Republican,White,0.62
1135,4,William Timmons,Republican,White,0.62
1136,4,William Timmons,Republican,White,0.62
1137,4,William Timmons,Republican,White,0.62
1138,4,William Timmons,Republican,White,0.62
1139,4,William Timmons,Republican,White,0.62
1140,4,William Timmons,Republican,White,0.62
1141,4,William Timmons,Republican,White,0.62
1142,4,William Timmons,Republican,White,0.62
1143,4,William Timmons,Republican,White,0.62
1144,4,William Timmons,Republican,White,0.62
1145,4,William Timmons,Republican,White,0.62
1146,4,William Timmons,Republican,White,0.62
1147,4,William Timmons,Republican,White,0.62
1148,4,William Timmons,Republican,White,0.62
1149,4,William Timmons,Republican,White,0.62
1150,4,William Timmons,Republican,White,0.62
1151,4,William Timmons,Republican,White,0.62
1152,4,William Timmons,Republican,White,0.62
1153,4,William Timmons,Republican,White,0.62
1154,4,William Timmons,Republican,White,0.62
1155,4,William Timmons,Republican,White,0.62
1156,4,William Timmons,Republican,White,0.62
1157,4,William Timmons,Republican,White,0.62
1158,3,Jeff Duncan,Republican,White,0.68
1159,4,William Timmons,Republican,White,0.62
1160,4,William Timmons,Republican,White,0.62
1161,4,William Timmons,Republican,White,0.62
1162,4,William Timmons,Republican,White,0.62
1163,4,William Timmons,Republican,White,0.62
1164,4,William Timmons,Republican,White,0.62
1165,4,William Timmons,Republican,White,0.62
1166,4,William Timmons,Republican,White,0.62
1167,4,William Timmons,Republican,White,0.62
1168,4,William Timmons,Republican,White,0.62
1169,3,Jeff Duncan,Republican,White,0.68
1170,4,William Timmons,Republican,White,0.62
1171,3,Jeff Duncan,Republican,White,0.68
1172,3,Jeff Duncan,Republican,White,0.68
1173,4,William Timmons,Republican,White,0.62
1174,4,William Timmons,Republican,White,0.62
1175,4,William Timmons,Republican,White,0.62
1176,4,William Timmons,Republican,White,0.62
1177,3,Jeff Duncan,Republican,White,0.68
1178,4,William Timmons,Republican,White,0.62
1179,3,Jeff Duncan,Republican,White,0.68
1180,3,Jeff Duncan,Republican,White,0.68
1181,3,Jeff Duncan,Republican,White,0.68
1182,3,Jeff Duncan,Republican,White,0.68
1183,3,Jeff Duncan,Republican,White,0.68
1184,3,Jeff Duncan,Republican,White,0.68
1185,3,Jeff Duncan,Republican,White,0.68
1186,3,Jeff Duncan,Republican,White,0.68
1187,3,Jeff Duncan,Republican,White,0.68
1188,3,Jeff Duncan,Republican,White,0.68
1189,3,Jeff Duncan,Republican,White,0.68
1190,3,Jeff Duncan,Republican,White,0.68
1191,3,Jeff Duncan,Republican,White,0.68
1192,3,Jeff Duncan,Republican,White,0.68
1193,3,Jeff Duncan,Republican,White,0.68
1194,3,Jeff Duncan,Republican,White,0.68
1195,3,Jeff Duncan,Republican,White,0.68
1196,3,Jeff Duncan,Republican,White,0.68
1197,3,Jeff Duncan,Republican,White,0.68
1198,3,Jeff Duncan,Republican,White,0.68
1199,3,Jeff Duncan,Republican,White,0.68
1200,3,Jeff Duncan,Republican,White,0.68
1201,3,Jeff Duncan,Republican,White,0.68
1202,3,Jeff Duncan,Republican,White,0.68
1203,3,Jeff Duncan,Republican,White,0.68
1204,3,Jeff Duncan,Republican,White,0.68
1205,3,Jeff Duncan,Republican,White,0.68
1206,3,Jeff Duncan,Republican,White,0.68
1207,3,Jeff Duncan,Republican,White,0.68
1208,3,Jeff Duncan,Republican,White,0.68
1209,3,Jeff Duncan,Republican,White,0.68
1210,3,Jeff Duncan,Republican,White,0.68
1211,3,Jeff Duncan,Republican,White,0.68
1212,3,Jeff Duncan,Republican,White,0.68
1213,3,Jeff Duncan,Republican,White,0.68
1214,3,Jeff Duncan,Republican,White,0.68
1215,3,Jeff Duncan,Republican,White,0.68
1216,3,Jeff Duncan,Republican,White,0.68
1217,3,Jeff Duncan,Republican,White,0.68
1218,3,Jeff Duncan,Republican,White,0.68
1219,3,Jeff Duncan,Republican,White,0.68
1220,3,Jeff Duncan,Republican,White,0.68
1221,3,Jeff Duncan,Republican,White,0.68
1222,3,Jeff Duncan,Republican,White,0.68
1223,3,Jeff Duncan,Republican,White,0.68
1224,3,Jeff Duncan,Republican,White,0.68
1225,3,Jeff Duncan,Republican,White,0.68
1226,3,Jeff Duncan,Republican,White,0.68
1227,3,Jeff Duncan,Republican,White,0.68
1228,3,Jeff Duncan,Republican,White,0.68
1229,6,Jim Clyburn,Democrat,Black,0.65
1230,6,Jim Clyburn,Democrat,Black,0.65
1231,6,Jim Clyburn,Democrat,Black,0.65
1232,6,Jim Clyburn,Democrat,Black,0.65
1233,6,Jim Clyburn,Democrat,Black,0.65
1234,6,Jim Clyburn,Democrat,Black,0.65
1235,6,Jim Clyburn,Democrat,Black,0.65
1236,6,Jim Clyburn,Democrat,Black,0.65
1237,6,Jim Clyburn,Democrat,Black,0.65
1238,6,Jim Clyburn,Democrat,Black,0.65
1239,6,Jim Clyburn,Democrat,Black,0.65
1240,6,Jim Clyburn,Democrat,Black,0.65
1241,6,Jim Clyburn,Democrat,Black,0.65
1242,6,Jim Clyburn,Democrat,Black,0.65
1243,6,Jim Clyburn,Democrat,Black,0.65
1244,6,Jim Clyburn,Democrat,Black,0.65
1245,6,Jim Clyburn,Democrat,Black,0.65
1246,6,Jim Clyburn,Democrat,Black,0.65
1247,7,Russell Fry,Republican,White,0.58
1248,7,Russell Fry,Republican,White,0.58
1249,7,Russell Fry,Republican,White,0.58
1250,7,Russell Fry,Republican,White,0.58
1251,7,Russell Fry,Republican,White,0.58
1252,7,Russell Fry,Republican,White,0.58
1253,7,Russell Fry,Republican,White,0.58
1254,7,Russell Fry,Republican,White,0.58
1255,7,Russell Fry,Republican,White,0.58
1256,7,Russell Fry,Republican,White,0.58
1257,7,Russell Fry,Republican,White,0.58
1258,7,Russell Fry,Republican,White,0.58
1259,7,Russell Fry,Republican,White,0.58
1260,7,Russell Fry,Republican,White,0.58
1261,7,Russell Fry,Republican,White,0.58
1262,7,Russell Fry,Republican,White,0.58
1263,7,Russell Fry,Republican,White,0.58
1264,7,Russell Fry,Republican,White,0.58
1265,7,Russell Fry,Republican,White,0.58
1266,7,Russell Fry,Republican,White,0.58
1267,7,Russell Fry,Republican,White,0.58
1268,7,Russell Fry,Republican,White,0.58
1269,7,Russell Fry,Republican,White,0.58
1270,7,Russell Fry,Republican,White,0.58
1271,7,Russell Fry,Republican,White,0.58
1272,7,Russell Fry,Republican,White,0.58
1273,7,Russell Fry,Republican,White,0.58
1274,7,Russell Fry,Republican,White,0.58
1275,7,Russell Fry,Republican,White,0.58
1276,7,Russell Fry,Republican,White,0.58
1277,7,Russell Fry,Republican,White,0.58
1278,7,Russell Fry,Republican,White,0.58
1279,7,Russell Fry,Republican,White,0.58
1280,7,Russell Fry,Republican,White,0.58
1281,7,Russell Fry,Republican,White,0.58
1282,7,Russell Fry,Republican,White,0.58
1283,7,Russell Fry,Republican,White,0.58
1284,7,Russell Fry,Republican,White,0.58
1285,7,Russell Fry,Republican,White,0.58
1286,7,Russell Fry,Republican,White,0.58
1287,7,Russell Fry,Republican,White,0.58
1288,7,Russell Fry,Republican,White,0.58
1289,7,Russell Fry,Republican,White,0.58
1290,7,Russell Fry,Republican,White,0.58
1291,7,Russell Fry,Republican,White,0.58
1292,7,Russell Fry,Republican,White,0.58
1293,7,Russell Fry,Republican,White,0.58
1294,7,Russell Fry,Republican,White,0.58
1295,7,Russell Fry,Republican,White,0.58
1296,7,Russell Fry,Republican,White,0.58
1297,7,Russell Fry,Republican,White,0.58
1298,7,Russell Fry,Republican,White,0.58
1299,7,Russell Fry,Republican,White,0.58
1300,7,Russell Fry,Republican,White,0.58
1301,7,Russell Fry,Republican,White,0.58
1302,7,Russell Fry,Republican,White,0.58
1303,7,Russell Fry,Republican,White,0.58
1304,7,Russell Fry,Republican,White,0.58
1305,7,Russell Fry,Republican,White,0.58
1306,7,Russell Fry,Republican,White,0.58
1307,7,Russell Fry,Republican,White,0.58
1308,7,Russell Fry,Republican,White,0.58
1309,7,Russell Fry,Republican,White,0.58
1310,7,Russell Fry,Republican,White,0.58
1311,7,Russell Fry,Republican,White,0.58
1312,7,Russell Fry,Republican,White,0.58
1313,7,Russell Fry,Republican,White,0.58
1314,7,Russell Fry,Republican,White,0.58
1315,7,Russell Fry,Republican,White,0.58
1316,7,Russell Fry,Republican,White,0.58
1317,7,Russell Fry,Republican,White,0.58
1318,7,Russell Fry,Republican,White,0.58
1319,7,Russell Fry,Republican,White,0.58
1320,7,Russell Fry,Republican,White,0.58
1321,7,Russell Fry,Republican,White,0.58
1322,7,Russell Fry,Republican,White,0.58
1323,7,Russell Fry,Republican,White,0.58
1324,7,Russell Fry,Republican,White,0.58
1325,7,Russell Fry,Republican,White,0.58
1326,7,Russell Fry,Republican,White,0.58
1327,7,Russell Fry,Republican,White,0.58
1328,7,Russell Fry,Republican,White,0.58
1329,7,Russell Fry,Republican,White,0.58
1330,7,Russell Fry,Republican,White,0.58
1331,7,Russell Fry,Republican,White,0.58
1332,7,Russell Fry,Republican,White,0.58
1333,7,Russell Fry,Republican,White,0.58
1334,7,Russell Fry,Republican,White,0.58
1335,7,Russell Fry,Republican,White,0.58
1336,7,Russell Fry,Republican,White,0.58
1337,7,Russell Fry,Republican,White,0.58
1338,7,Russell Fry,Republican,White,0.58
1339,7,Russell Fry,Republican,White,0.58
1340,7,Russell Fry,Republican,White,0.58
1341,7,Russell Fry,Republican,White,0.58
1342,7,Russell Fry,Republican,White,0.58
1343,7,Russell Fry,Republican,White,0.58
1344,7,Russell Fry,Republican,White,0.58
1345,7,Russell Fry,Republican,White,0.58
1346,7,Russell Fry,Republican,White,0.58
1347,7,Russell Fry,Republican,White,0.58
1348,7,Russell Fry,Republican,White,0.58
1349,7,Russell Fry,Republican,White,0.58
1350,7,Russell Fry,Republican,White,0.58
1351,7,Russell Fry,Republican,White,0.58
1352,7,Russell Fry,Republican,White,0.58
1353,7,Russell Fry,Republican,White,0.58
1354,7,Russell Fry,Republican,White,0.58
1355,7,Russell Fry,Republican,White,0.58
1356,7,Russell Fry,Republican,White,0.58
1357,7,Russell Fry,Republican,White,0.58
1358,7,Russell Fry,Republican,White,0.58
1359,7,Russell Fry,Republican,White,0.58
1360,7,Russell Fry,Republican,White,0.58
1361,7,Russell Fry,Republican,White,0.58
1362,7,Russell Fry,Republican,White,0.58
1363,7,Russell Fry,Republican,White,0.58
1364,7,Russell Fry,Republican,White,0.58
1365,7,Russell Fry,Republican,White,0.58
1366,7,Russell Fry,Republican,White,0.58
1367,7,Russell Fry,Republican,White,0.58
1368,7,Russell Fry,Republican,White,0.58
1369,7,Russell Fry,Republican,White,0.58
1370,7,Russell Fry,Republican,White,0.58
1371,7,Russell Fry,Republican,White,0.58
1372,6,Jim Clyburn,Democrat,Black,0.65
1373,6,Jim Clyburn,Democrat,Black,0.65
1374,6,Jim Clyburn,Democrat,Black,0.65
1375,6,Jim Clyburn,Democrat,Black,0.65
1376,6,Jim Clyburn,Democrat,Black,0.65
1377,6,Jim Clyburn,Democrat,Black,0.65
1378,6,Jim Clyburn,Democrat,Black,0.65
1379,6,Jim Clyburn,Democrat,Black,0.65
1380,6,Jim Clyburn,Democrat,Black,0.65
1381,6,Jim Clyburn,Democrat,Black,0.65
1382,6,Jim Clyburn,Democrat,Black,0.65
1383,1,Nancy Mace,Republican,White,0.55
1384,6,Jim Clyburn,Democrat,Black,0.65
1385,6,Jim Clyburn,Democrat,Black,0.65
1386,6,Jim Clyburn,Democrat,Black,0.65
1387,6,Jim Clyburn,Democrat,Black,0.65
1388,1,Nancy Mace,Republican,White,0.55
1389,6,Jim Clyburn,Democrat,Black,0.65
1390,5,Ralph Norman,Republican,White,0.59
1391,5,Ralph Norman,Republican,White,0.59
1392,5,Ralph Norman,Republican,White,0.59
1393,5,Ralph Norman,Republican,White,0.59
1394,5,Ralph Norman,Republican,White,0.59
1395,5,Ralph Norman,Republican,White,0.59
1396,5,Ralph Norman,Republican,White,0.59
1397,5,Ralph Norman,Republican,White,0.59
1398,5,Ralph Norman,Republican,White,0.59
1399,5,Ralph Norman,Republican,White,0.59
1400,5,Ralph Norman,Republican,White,0.59
1401,5,Ralph Norman,Republican,White,0.59
1402,5,Ralph Norman,Republican,White,0.59
1403,5,Ralph Norman,Republican,White,0.59
1404,5,Ralph Norman,Republican,White,0.59
1405,5,Ralph Norman,Republican,White,0.59
1406,5,Ralph Norman,Republican,White,0.59
1407,5,Ralph Norman,Republican,White,0.59
1408,5,Ralph Norman,Republican,White,0.59
1409,5,Ralph Norman,Republican,White,0.59
1410,5,Ralph Norman,Republican,White,0.59
1411,5,Ralph Norman,Republican,White,0.59
1412,5,Ralph Norman,Republican,White,0.59
1413,5,Ralph Norman,Republican,White,0.59
1414,5,Ralph Norman,Republican,White,0.59
1415,5,Ralph Norman,Republican,White,0.59
1416,5,Ralph Norman,Republican,White,0.59
1417,5,Ralph Norman,Republican,White,0.59
1418,5,Ralph Norman,Republican,White,0.59
1419,5,Ralph Norman,Republican,White,0.59
1420,5,Ralph Norman,Republican,White,0.59
1421,5,Ralph Norman,Republican,White,0.59
1422,5,Ralph Norman,Republican,White,0.59
1423,5,Ralph Norman,Republican,White,0.59
1424,5,Ralph Norman,Republican,White,0.59
1425,5,Ralph Norman,Republican,White,0.59
1426,5,Ralph Norman,Republican,White,0.59
1427,5,Ralph Norman,Republican,White,0.59
1428,5,Ralph Norman,Republican,White,0.59
1429,5,Ralph Norman,Republican,White,0.59
1430,5,Ralph Norman,Republican,White,0.59
1431,5,Ralph Norman,Republican,White,0.59
1432,5,Ralph Norman,Republican,White,0.59
1433,5,Ralph Norman,Republican,White,0.59
1434,5,Ralph Norman,Republican,White,0.59
1435,5,Ralph Norman,Republican,White,0.59
1436,5,Ralph Norman,Republican,White,0.59
1437,5,Ralph Norman,Republican,White,0.59
1438,5,Ralph Norman,Republican,White,0.59
1439,5,Ralph Norman,Republican,White,0.59
1440,5,Ralph Norman,Republican,White,0.59
1441,5,Ralph Norman,Republican,White,0.59
1442,5,Ralph Norman,Republican,White,0.59
1443,5,Ralph Norman,Republican,White,0.59
1444,5,Ralph Norman,Republican,White,0.59
1445,5,Ralph Norman,Republican,White,0.59
1446,5,Ralph Norman,Republican,White,0.59
1447,5,Ralph Norman,Republican,White,0.59
1448,5,Ralph Norman,Republican,White,0.59
1449,5,Ralph Norman,Republican,White,0.59
1450,5,Ralph Norman,Republican,White,0.59
1451,5,Ralph Norman,Republican,White,0.59
1452,5,Ralph Norman,Republican,White,0.59
1453,5,Ralph Norman,Republican,White,0.59
1454,5,Ralph Norman,Republican,White,0.59
1455,5,Ralph Norman,Republican,White,0.59
1456,5,Ralph Norman,Republican,White,0.59
1457,5,Ralph Norman,Republican,White,0.59
1458,3,Jeff Duncan,Republican,White,0.68
1459,3,Jeff Duncan,Republican,White,0.68
1460,3,Jeff Duncan,Republican,White,0.68
1461,3,Jeff Duncan,Republican,White,0.68
1462,3,Jeff Duncan,Republican,White,0.68
1463,3,Jeff Duncan,Republican,White,0.68
1464,3,Jeff Duncan,Republican,White,0.68
1465,3,Jeff Duncan,Republican,White,0.68
1466,3,Jeff Duncan,Republican,White,0.68
1467,3,Jeff Duncan,Republican,White,0.68
1468,3,Jeff Duncan,Republican,White,0.68
1469,3,Jeff Duncan,Republican,White,0.68
1470,3,Jeff Duncan,Republican,White,0.68
1471,3,Jeff Duncan,Republican,White,0.68
1472,3,Jeff Duncan,Republican,White,0.68
1473,3,Jeff Duncan,Republican,White,0.68
1474,3,Jeff Duncan,Republican,White,0.68
1475,3,Jeff Duncan,Republican,White,0.68
1476,3,Jeff Duncan,Republican,White,0.68
1477,3,Jeff Duncan,Republican,White,0.68
1478,3,Jeff Duncan,Republican,White,0.68
1479,3,Jeff Duncan,Republican,White,0.68
1480,3,Jeff Duncan,Republican,White,0.68
1481,3,Jeff Duncan,Republican,White,0.68
1482,3,Jeff Duncan,Republican,White,0.68
1483,3,Jeff Duncan,Republican,White,0.68
1484,3,Jeff Duncan,Republican,White,0.68
1485,3,Jeff Duncan,Republican,White,0.68
1486,3,Jeff Duncan,Republican,White,0.68
1487,3,Jeff Duncan,Republican,White,0.68
1488,3,Jeff Duncan,Republican,White,0.68
1489,3,Jeff Duncan,Republican,White,0.68
1490,3,Jeff Duncan,Republican,White,0.68
1491,5,Ralph Norman,Republican,White,0.59
1492,5,Ralph Norman,Republican,White,0.59
1493,5,Ralph Norman,Republican,White,0.59
1494,5,Ralph Norman,Republican,White,0.59
1495,5,Ralph Norman,Republican,White,0.59
1496,5,Ralph Norman,Republican,White,0.59
1497,5,Ralph Norman,Republican,White,0.59
1498,5,Ralph Norman,Republican,White,0.59
1499,5,Ralph Norman,Republican,White,0.59
1500,5,Ralph Norman,Republican,White,0.59
1501,5,Ralph Norman,Republican,White,0.59
1502,5,Ralph Norman,Republican,White,0.59
1503,5,Ralph Norman,Republican,White,0.59
1504,5,Ralph Norman,Republican,White,0.59
1505,5,Ralph Norman,Republican,White,0.59
1506,5,Ralph Norman,Republican,White,0.59
1507,5,Ralph Norman,Republican,White,0.59
1508,5,Ralph Norman,Republican,White,0.59
1509,5,Ralph Norman,Republican,White,0.59
1510,5,Ralph Norman,Republican,White,0.59
1511,5,Ralph Norman,Republican,White,0.59
1512,5,Ralph Norman,Republican,White,0.59
1513,2,Joe Wilson,Republican,White,0.6
1514,2,Joe Wilson,Republican,White,0.6
1515,2,Joe Wilson,Republican,White,0.6
1516,2,Joe Wilson,Republican,White,0.6
1517,2,Joe Wilson,Republican,White,0.6
1518,2,Joe Wilson,Republican,White,0.6
1519,2,Joe Wilson,Republican,White,0.6
1520,2,Joe Wilson,Republican,White,0.6
1521,2,Joe Wilson,Republican,White,0.6
1522,2,Joe Wilson,Republican,White,0.6
1523,2,Joe Wilson,Republican,White,0.6
1524,2,Joe Wilson,Republican,White,0.6
1525,2,Joe Wilson,Republican,White,0.6
1526,2,Joe Wilson,Republican,White,0.6
1527,2,Joe Wilson,Republican,White,0.6
1528,2,Joe Wilson,Republican,White,0.6
1529,2,Joe Wilson,Republican,White,0.6
1530,2,Joe Wilson,Republican,White,0.6
1531,2,Joe Wilson,Republican,White,0.6
1532,2,Joe Wilson,Republican,White,0.6
1533,2,Joe Wilson,Republican,White,0.6
1534,2,Joe Wilson,Republican,White,0.6
1535,2,Joe Wilson,Republican,White,0.6
1536,2,Joe Wilson,Republican,White,0.6
1537,2,Joe Wilson,Republican,White,0.6
1538,2,Joe Wilson,Republican,White,0.6
1539,2,Joe Wilson,Republican,White,0.6
1540,2,Joe Wilson,Republican,White,0.6
1541,2,Joe Wilson,Republican,White,0.6
1542,2,Joe Wilson,Republican,White,0.6
1543,2,Joe Wilson,Republican,White,0.6
1544,2,Joe Wilson,Republican,White,0.6
1545,2,Joe Wilson,Republican,White,0.6
1546,2,Joe Wilson,Republican,White,0.6
1547,2,Joe Wilson,Republican,White,0.6
1548,2,Joe Wilson,Republican,White,0.6
1549,2,Joe Wilson,Republican,White,0.6
1550,2,Joe Wilson,Republican,White,0.6
1551,2,Joe Wilson,Republican,White,0.6
1552,2,Joe Wilson,Republican,White,0.6
1553,2,Joe Wilson,Republican,White,0.6
1554,2,Joe Wilson,Republican,White,0.6
1555,2,Joe Wilson,Republican,White,0.6
1556,2,Joe Wilson,Republican,White,0.6
1557,2,Joe Wilson,Republican,White,0.6
1558,2,Joe Wilson,Republican,White,0.6
1559,2,Joe Wilson,Republican,White,0.6
1560,2,Joe Wilson,Republican,White,0.6
1561,2,Joe Wilson,Republican,White,0.6
1562,2,Joe Wilson,Republican,White,0.6
1563,2,Joe Wilson,Republican,White,0.6
1564,2,Joe Wilson,Republican,White,0.6
1565,2,Joe Wilson,Republican,White,0.6
1566,2,Joe Wilson,Republican,White,0.6
1567,2,Joe Wilson,Republican,White,0.6
1568,2,Joe Wilson,Republican,White,0.6
1569,2,Joe Wilson,Republican,White,0.6
1570,2,Joe Wilson,Republican,White,0.6
1571,2,Joe Wilson,Republican,White,0.6
1572,2,Joe Wilson,Republican,White,0.6
1573,2,Joe Wilson,Republican,White,0.6
1574,2,Joe Wilson,Republican,White,0.6
1575,2,Joe Wilson,Republican,White,0.6
1576,2,Joe Wilson,Republican,White,0.6
1577,2,Joe Wilson,Republican,White,0.6
1578,2,Joe Wilson,Republican,White,0.6
1579,2,Joe Wilson,Republican,White,0.6
1580,2,Joe Wilson,Republican,White,0.6
1581,2,Joe Wilson,Republican,White,0.6
1582,2,Joe Wilson,Republican,White,0.6
1583,2,Joe Wilson,Republican,White,0.6
1584,2,Joe Wilson,Republican,White,0.6
1585,2,Joe Wilson,Republican,White,0.6
1586,2,Joe Wilson,Republican,White,0.6
1587,2,Joe Wilson,Republican,White,0.6
1588,2,Joe Wilson,Republican,White,0.6
1589,2,Joe Wilson,Republican,White,0.6
1590,2,Joe Wilson,Republican,White,0.6
1591,2,Joe Wilson,Republican,White,0.6
1592,2,Joe Wilson,Republican,White,0.6
1593,2,Joe Wilson,Republican,White,0.6
1594,2,Joe Wilson,Republican,White,0.6
1595,2,Joe Wilson,Republican,White,0.6
1596,2,Joe Wilson,Republican,White,0.6
1597,2,Joe Wilson,Republican,White,0.6
1598,2,Joe Wilson,Republican,White,0.6
1599,2,Joe Wilson,Republican,White,0.6
1600,2,Joe Wilson,Republican,White,0.6
1601,2,Joe Wilson,Republican,White,0.6
1602,2,Joe Wilson,Republican,White,0.6
1603,2,Joe Wilson,Republican,White,0.6
1604,2,Joe Wilson,Republican,White,0.6
1605,2,Joe Wilson,Republican,White,0.6
1606,2,Joe Wilson,Republican,White,0.6
1607,2,Joe Wilson,Republican,White,0.6
1608,2,Joe Wilson,Republican,White,0.6
1609,3,Jeff Duncan,Republican,White,0.68
1610,3,Jeff Duncan,Republican,White,0.68
1611,3,Jeff Duncan,Republican,White,0.68
1612,3,Jeff Duncan,Republican,White,0.68
1613,3,Jeff Duncan,Republican,White,0.68
1614,3,Jeff Duncan,Republican,White,0.68
1615,3,Jeff Duncan,Republican,White,0.68
1616,3,Jeff Duncan,Republican,White,0.68
1617,3,Jeff Duncan,Republican,White,0.68
1618,3,Jeff Duncan,Republican,White,0.68
1619,3,Jeff Duncan,Republican,White,0.68
1620,7,Russell Fry,Republican,White,0.58
1621,7,Russell Fry,Republican,White,0.58
1622,7,Russell Fry,Republican,White,0.58
1623,7,Russell Fry,Republican,White,0.58
1624,7,Russell Fry,Republican,White,0.58
1625,7,Russell Fry,Republican,White,0.58
1626,7,Russell Fry,Republican,White,0.58
1627,7,Russell Fry,Republican,White,0.58
1628,7,Russell Fry,Republican,White,0.58
1629,7,Russell Fry,Republican,White,0.58
1630,7,Russell Fry,Republican,White,0.58
1631,7,Russell Fry,Republican,White,0.58
1632,7,Russell Fry,Republican,White,0.58
1633,7,Russell Fry,Republican,White,0.58
1634,7,Russell Fry,Republican,White,0.58
1635,7,Russell Fry,Republican,White,0.58
1636,7,Russell Fry,Republican,White,0.58
1637,7,Russell Fry,Republican,White,0.58
1638,7,Russell Fry,Republican,White,0.58
1639,7,Russell Fry,Republican,White,0.58
1640,7,Russell Fry,Republican,White,0.58
1641,7,Russell Fry,Republican,White,0.58
1642,7,Russell Fry,Republican,White,0.58
1643,7,Russell Fry,Republican,White,0.58
1644,7,Russell Fry,Republican,White,0.58
1645,7,Russell Fry,Republican,White,0.58
1646,7,Russell Fry,Republican,White,0.58
1647,7,Russell Fry,Republican,White,0.58
1648,7,Russell Fry,Republican,White,0.58
1649,7,Russell Fry,Republican,White,0.58
1650,7,Russell Fry,Republican,White,0.58
1651,7,Russell Fry,Republican,White,0.58
1652,3,Jeff Duncan,Republican,White,0.68
1653,3,Jeff Duncan,Republican,White,0.68
1654,3,Jeff Duncan,Republican,White,0.68
1655,3,Jeff Duncan,Republican,White,0.68
1656,3,Jeff Duncan,Republican,White,0.68
1657,3,Jeff Duncan,Republican,White,0.68
1658,3,Jeff Duncan,Republican,White,0.68
1659,3,Jeff Duncan,Republican,White,0.68
1660,3,Jeff Duncan,Republican,White,0.68
1661,3,Jeff Duncan,Republican,White,0.68
1662,3,Jeff Duncan,Republican,White,0.68
1663,3,Jeff Duncan,Republican,White,0.68
1664,3,Jeff Duncan,Republican,White,0.68
1665,3,Jeff Duncan,Republican,White,0.68
1666,3,Jeff Duncan,Republican,White,0.68
1667,3,Jeff Duncan,Republican,White,0.68
1668,3,Jeff Duncan,Republican,White,0.68
1669,3,Jeff Duncan,Republican,White,0.68
1670,3,Jeff Duncan,Republican,White,0.68
1671,3,Jeff Duncan,Republican,White,0.68
1672,3,Jeff Duncan,Republican,White,0.68
1673,3,Jeff Duncan,Republican,White,0.68
1674,3,Jeff Duncan,Republican,White,0.68
1675,3,Jeff Duncan,Republican,White,0.68
1676,3,Jeff Duncan,Republican,White,0.68
1677,3,Jeff Duncan,Republican,White,0.68
1678,3,Jeff Duncan,Republican,White,0.68
1679,3,Jeff Duncan,Republican,White,0.68
1680,3,Jeff Duncan,Republican,White,0.68
1681,3,Jeff Duncan,Republican,White,0.68
1682,3,Jeff Duncan,Republican,White,0.68
1683,3,Jeff Duncan,Republican,White,0.68
1684,3,Jeff Duncan,Republican,White,0.68
1685,3,Jeff Duncan,Republican,White,0.68
1686,3,Jeff Duncan,Republican,White,0.68
1687,3,Jeff Duncan,Republican,White,0.68
1688,3,Jeff Duncan,Republican,White,0.68
1689,3,Jeff Duncan,Republican,White,0.68
1690,3,Jeff Duncan,Republican,White,0.68
1691,3,Jeff Duncan,Republican,White,0.68
1692,3,Jeff Duncan,Republican,White,0.68
1693,3,Jeff Duncan,Republican,White,0.68
1694,3,Jeff Duncan,Republican,White,0.68
1695,3,Jeff Duncan,Republican,White,0.68
1696,3,Jeff Duncan,Republican,White,0.68
1697,3,Jeff Duncan,Republican,White,0.68
1698,3,Jeff Duncan,Republican,White,0.68
1699,3,Jeff Duncan,Republican,White,0.68
1700,3,Jeff Duncan,Republican,White,0.68
1701,3,Jeff Duncan,Republican,White,0.68
1702,3,Jeff Duncan,Republican,White,0.68
1703,3,Jeff Duncan,Republican,White,0.68
1704,3,Jeff Duncan,Republican,White,0.68
1705,3,Jeff Duncan,Republican,White,0.68
1706,3,Jeff Duncan,Republican,White,0.68
1707,3,Jeff Duncan,Republican,White,0.68
1708,3,Jeff Duncan,Republican,White,0.68
1709,3,Jeff Duncan,Republican,White,0.68
1710,3,Jeff Duncan,Republican,White,0.68
1711,3,Jeff Duncan,Republican,White,0.68
1712,3,Jeff Duncan,Republican,White,0.68
1713,6,Jim Clyburn,Democrat,Black,0.65
1714,2,Joe Wilson,Republican,White,0.6
1715,6,Jim Clyburn,Democrat,Black,0.65
1716,6,Jim Clyburn,Democrat,Black,0.65
1717,6,Jim Clyburn,Democrat,Black,0.65
1718,6,Jim Clyburn,Democrat,Black,0.65
1719,6,Jim Clyburn,Democrat,Black,0.65
1720,2,Joe Wilson,Republican,White,0.6
1721,2,Joe Wilson,Republican,White,0.6
1722,2,Joe Wilson,Republican,White,0.6
1723,2,Joe Wilson,Republican,White,0.6
1724,6,Jim Clyburn,Democrat,Black,0.65
1725,6,Jim Clyburn,Democrat,Black,0.65
1726,6,Jim Clyburn,Democrat,Black,0.65
1727,6,Jim Clyburn,Democrat,Black,0.65
1728,6,Jim Clyburn,Democrat,Black,0.65
1729,6,Jim Clyburn,Democrat,Black,0.65
1730,6,Jim Clyburn,Democrat,Black,0.65
1731,6,Jim Clyburn,Democrat,Black,0.65
1732,2,Joe Wilson,Republican,White,0.6
1733,2,Joe Wilson,Republican,White,0.6
1734,2,Joe Wilson,Republican,White,0.6
1735,6,Jim Clyburn,Democrat,Black,0.65
1736,2,Joe Wilson,Republican,White,0.6
1737,2,Joe Wilson,Republican,White,0.6
1738,2,Joe Wilson,Republican,White,0.6
1739,6,Jim Clyburn,Democrat,Black,0.65
1740,6,Jim Clyburn,Democrat,Black,0.65
1741,6,Jim Clyburn,Democrat,Black,0.65
1742,6,Jim Clyburn,Democrat,Black,0.65
1743,6,Jim Clyburn,Democrat,Black,0.65
1744,6,Jim Clyburn,Democrat,Black,0.65
1745,6,Jim Clyburn,Democrat,Black,0.65
1746,6,Jim Clyburn,Democrat,Black,0.65
1747,6,Jim Clyburn,Democrat,Black,0.65
1748,6,Jim Clyburn,Democrat,Black,0.65
1749,2,Joe Wilson,Republican,White,0.6
1750,6,Jim Clyburn,Democrat,Black,0.65
1751,6,Jim Clyburn,Democrat,Black,0.65
1752,6,Jim Clyburn,Democrat,Black,0.65
1753,6,Jim Clyburn,Democrat,Black,0.65
1754,2,Joe Wilson,Republican,White,0.6
1755,6,Jim Clyburn,Democrat,Black,0.65
1756,6,Jim Clyburn,Democrat,Black,0.65
1757,6,Jim Clyburn,Democrat,Black,0.65
1758,6,Jim Clyburn,Democrat,Black,0.65
1759,6,Jim Clyburn,Democrat,Black,0.65
1760,6,Jim Clyburn,Democrat,Black,0.65
1761,6,Jim Clyburn,Democrat,Black,0.65
1762,6,Jim Clyburn,Democrat,Black,0.65
1763,6,Jim Clyburn,Democrat,Black,0.65
1764,6,Jim Clyburn,Democrat,Black,0.65
1765,6,Jim Clyburn,Democrat,Black,0.65
1766,3,Jeff Duncan,Republican,White,0.68
1767,3,Jeff Duncan,Republican,White,0.68
1768,3,Jeff Duncan,Republican,White,0.68
1769,3,Jeff Duncan,Republican,White,0.68
1770,3,Jeff Duncan,Republican,White,0.68
1771,3,Jeff Duncan,Republican,White,0.68
1772,3,Jeff Duncan,Republican,White,0.68
1773,3,Jeff Duncan,Republican,White,0.68
1774,3,Jeff Duncan,Republican,White,0.68
1775,3,Jeff Duncan,Republican,White,0.68
1776,3,Jeff Duncan,Republican,White,0.68
1777,3,Jeff Duncan,Republican,White,0.68
1778,3,Jeff Duncan,Republican,White,0.68
1779,3,Jeff Duncan,Republican,White,0.68
1780,3,Jeff Duncan,Republican,White,0.68
1781,3,Jeff Duncan,Republican,White,0.68
1782,3,Jeff Duncan,Republican,White,0.68
1783,3,Jeff Duncan,Republican,White,0.68
1784,3,Jeff Duncan,Republican,White,0.68
1785,3,Jeff Duncan,Republican,White,0.68
1786,3,Jeff Duncan,Republican,White,0.68
1787,3,Jeff Duncan,Republican,White,0.68
1788,3,Jeff Duncan,Republican,White,0.68
1789,3,Jeff Duncan,Republican,White,0.68
1790,3,Jeff Duncan,Republican,White,0.68
1791,3,Jeff Duncan,Republican,White,0.68
1792,3,Jeff Duncan,Republican,White,0.68
1793,3,Jeff Duncan,Republican,White,0.68
1794,3,Jeff Duncan,Republican,White,0.68
1795,3,Jeff Duncan,Republican,White,0.68
1796,3,Jeff Duncan,Republican,White,0.68
1797,3,Jeff Duncan,Republican,White,0.68
1798,3,Jeff Duncan,Republican,White,0.68
1799,3,Jeff Duncan,Republican,White,0.68
1800,3,Jeff Duncan,Republican,White,0.68
1801,3,Jeff Duncan,Republican,White,0.68
1802,3,Jeff Duncan,Republican,White,0.68
1803,3,Jeff Duncan,Republican,White,0.68
1804,3,Jeff Duncan,Republican,White,0.68
1805,3,Jeff Duncan,Republican,White,0.68
1806,3,Jeff Duncan,Republican,White,0.68
1807,3,Jeff Duncan,Republican,White,0.68
1808,3,Jeff Duncan,Republican,White,0.68
1809,3,Jeff Duncan,Republican,White,0.68
1810,3,Jeff Duncan,Republican,White,0.68
1811,3,Jeff Duncan,Republican,White,0.68
1812,3,Jeff Duncan,Republican,White,0.68
1813,3,Jeff Duncan,Republican,White,0.68
1814,3,Jeff Duncan,Republican,White,0.68
1815,3,Jeff Duncan,Republican,White,0.68
1816,3,Jeff Duncan,Republican,White,0.68
1817,3,Jeff Duncan,Republican,White,0.68
1818,3,Jeff Duncan,Republican,White,0.68
1819,3,Jeff Duncan,Republican,White,0.68
1820,3,Jeff Duncan,Republican,White,0.68
1821,3,Jeff Duncan,Republican,White,0.68
1822,3,Jeff Duncan,Republican,White,0.68
1823,3,Jeff Duncan,Republican,White,0.68
1824,3,Jeff Duncan,Republican,White,0.68
1825,3,Jeff Duncan,Republican,White,0.68
1826,3,Jeff Duncan,Republican,White,0.68
1827,2,Joe Wilson,Republican,White,0.6
1828,6,Jim Clyburn,Democrat,Black,0.65
1829,2,Joe Wilson,Republican,White,0.6
1830,2,Joe Wilson,Republican,White,0.6
1831,6,Jim Clyburn,Democrat,Black,0.65
1832,6,Jim Clyburn,Democrat,Black,0.65
1833,2,Joe Wilson,Republican,White,0.6
1834,2,Joe Wilson,Republican,White,0.6
1835,2,Joe Wilson,Republican,White,0.6
1836,2,Joe Wilson,Republican,White,0.6
1837,2,Joe Wilson,Republican,White,0.6
1838,2,Joe Wilson,Republican,White,0.6
1839,2,Joe Wilson,Republican,White,0.6
1840,2,Joe Wilson,Republican,White,0.6
1841,6,Jim Clyburn,Democrat,Black,0.65
1842,6,Jim Clyburn,Democrat,Black,0.65
1843,2,Joe Wilson,Republican,White,0.6
1844,6,Jim Clyburn,Democrat,Black,0.65
1845,6,Jim Clyburn,Democrat,Black,0.65
1846,2,Joe Wilson,Republican,White,0.6
1847,2,Joe Wilson,Republican,White,0.6
1848,2,Joe Wilson,Republican,White,0.6
1849,2,Joe Wilson,Republican,White,0.6
1850,2,Joe Wilson,Republican,White,0.6
1851,6,Jim Clyburn,Democrat,Black,0.65
1852,6,Jim Clyburn,Democrat,Black,0.65
1853,2,Joe Wilson,Republican,White,0.6
1854,6,Jim Clyburn,Democrat,Black,0.65
1855,6,Jim Clyburn,Democrat,Black,0.65
1856,2,Joe Wilson,Republican,White,0.6
1857,2,Joe Wilson,Republican,White,0.6
1858,6,Jim Clyburn,Democrat,Black,0.65
1859,6,Jim Clyburn,Democrat,Black,0.65
1860,6,Jim Clyburn,Democrat,Black,0.65
1861,2,Joe Wilson,Republican,White,0.6
1862,6,Jim Clyburn,Democrat,Black,0.65
1863,2,Joe Wilson,Republican,White,0.6
1864,2,Joe Wilson,Republican,White,0.6
1865,6,Jim Clyburn,Democrat,Black,0.65
1866,6,Jim Clyburn,Democrat,Black,0.65
1867,6,Jim Clyburn,Democrat,Black,0.65
1868,6,Jim Clyburn,Democrat,Black,0.65
1869,6,Jim Clyburn,Democrat,Black,0.65
1870,6,Jim Clyburn,Democrat,Black,0.65
1871,6,Jim Clyburn,Democrat,Black,0.65
1872,2,Joe Wilson,Republican,White,0.6
1873,6,Jim Clyburn,Democrat,Black,0.65
1874,6,Jim Clyburn,Democrat,Black,0.65
1875,2,Joe Wilson,Republican,White,0.6
1876,6,Jim Clyburn,Democrat,Black,0.65
1877,2,Joe Wilson,Republican,White,0.6
1878,6,Jim Clyburn,Democrat,Black,0.65
1879,6,Jim Clyburn,Democrat,Black,0.65
1880,2,Joe Wilson,Republican,White,0.6
1881,6,Jim Clyburn,Democrat,Black,0.65
1882,2,Joe Wilson,Republican,White,0.6
1883,6,Jim Clyburn,Democrat,Black,0.65
1884,2,Joe Wilson,Republican,White,0.6
1885,6,Jim Clyburn,Democrat,Black,0.65
1886,2,Joe Wilson,Republican,White,0.6
1887,2,Joe Wilson,Republican,White,0.6
1888,2,Joe Wilson,Republican,White,0.6
1889,2,Joe Wilson,Republican,White,0.6
1890,2,Joe Wilson,Republican,White,0.6
1891,2,Joe Wilson,Republican,White,0.6
1892,2,Joe Wilson,Republican,White,0.6
1893,2,Joe Wilson,Republican,White,0.6
1894,6,Jim Clyburn,Democrat,Black,0.65
1895,2,Joe Wilson,Republican,White,0.6
1896,6,Jim Clyburn,Democrat,Black,0.65
1897,2,Joe Wilson,Republican,White,0.6
1898,2,Joe Wilson,Republican,White,0.6
1899,2,Joe Wilson,Republican,White,0.6
1900,2,Joe Wilson,Republican,White,0.6
1901,2,Joe Wilson,Republican,White,0.6
1902,2,Joe Wilson,Republican,White,0.6
1903,2,Joe Wilson,Republican,White,0.6
1904,6,Jim Clyburn,Democrat,Black,0.65
1905,6,Jim Clyburn,Democrat,Black,0.65
1906,6,Jim Clyburn,Democrat,Black,0.65
1907,6,Jim Clyburn,Democrat,Black,0.65
1908,2,Joe Wilson,Republican,White,0.6
1909,5,Ralph Norman,Republican,White,0.59
1910,2,Joe Wilson,Republican,White,0.6
1911,2,Joe Wilson,Republican,White,0.6
1912,2,Joe Wilson,Republican,White,0.6
1913,2,Joe Wilson,Republican,White,0.6
1914,2,Joe Wilson,Republican,White,0.6
1915,6,Jim Clyburn,Democrat,Black,0.65
1916,6,Jim Clyburn,Democrat,Black,0.65
1917,2,Joe Wilson,Republican,White,0.6
1918,2,Joe Wilson,Republican,White,0.6
1919,2,Joe Wilson,Republican,White,0.6
1920,2,Joe Wilson,Republican,White,0.6
1921,2,Joe Wilson,Republican,White,0.6
1922,6,Jim Clyburn,Democrat,Black,0.65
1923,2,Joe Wilson,Republican,White,0.6
1924,6,Jim Clyburn,Democrat,Black,0.65
1925,2,Joe Wilson,Republican,White,0.6
1926,2,Joe Wilson,Republican,White,0.6
1927,2,Joe Wilson,Republican,White,0.6
1928,2,Joe Wilson,Republican,White,0.6
1929,6,Jim Clyburn,Democrat,Black,0.65
1930,2,Joe Wilson,Republican,White,0.6
1931,2,Joe Wilson,Republican,White,0.6
1932,6,Jim Clyburn,Democrat,Black,0.65
1933,2,Joe Wilson,Republican,White,0.6
1934,6,Jim Clyburn,Democrat,Black,0.65
1935,2,Joe Wilson,Republican,White,0.6
1936,6,Jim Clyburn,Democrat,Black,0.65
1937,6,Jim Clyburn,Democrat,Black,0.65
1938,6,Jim Clyburn,Democrat,Black,0.65
1939,6,Jim Clyburn,Democrat,Black,0.65
1940,6,Jim Clyburn,Democrat,Black,0.65
1941,6,Jim Clyburn,Democrat,Black,0.65
1942,6,Jim Clyburn,Democrat,Black,0.65
1943,6,Jim Clyburn,Democrat,Black,0.65
1944,6,Jim Clyburn,Democrat,Black,0.65
1945,2,Joe Wilson,Republican,White,0.6
1946,2,Joe Wilson,Republican,White,0.6
1947,6,Jim Clyburn,Democrat,Black,0.65
1948,6,Jim Clyburn,Democrat,Black,0.65
1949,6,Jim Clyburn,Democrat,Black,0.65
1950,6,Jim Clyburn,Democrat,Black,0.65
1951,6,Jim Clyburn,Democrat,Black,0.65
1952,6,Jim Clyburn,Democrat,Black,0.65
1953,6,Jim Clyburn,Democrat,Black,0.65
1954,2,Joe Wilson,Republican,White,0.6
1955,2,Joe Wilson,Republican,White,0.6
1956,2,Joe Wilson,Republican,White,0.6
1957,6,Jim Clyburn,Democrat,Black,0.65
1958,6,Jim Clyburn,Democrat,Black,0.65
1959,6,Jim Clyburn,Democrat,Black,0.65
1960,6,Jim Clyburn,Democrat,Black,0.65
1961,6,Jim Clyburn,Democrat,Black,0.65
1962,6,Jim Clyburn,Democrat,Black,0.65
1963,6,Jim Clyburn,Democrat,Black,0.65
1964,6,Jim Clyburn,Democrat,Black,0.65
1965,6,Jim Clyburn,Democrat,Black,0.65
1966,6,Jim Clyburn,Democrat,Black,0.65
1967,6,Jim Clyburn,Democrat,Black,0.65
1968,6,Jim Clyburn,Democrat,Black,0.65
1969,6,Jim Clyburn,Democrat,Black,0.65
1970,6,Jim Clyburn,Democrat,Black,0.65
1971,6,Jim Clyburn,Democrat,Black,0.65
1972,6,Jim Clyburn,Democrat,Black,0.65
1973,2,Joe Wilson,Republican,White,0.6
1974,2,Joe Wilson,Republican,White,0.6
1975,2,Joe Wilson,Republican,White,0.6
1976,3,Jeff Duncan,Republican,White,0.68
1977,3,Jeff Duncan,Republican,White,0.68
1978,3,Jeff Duncan,Republican,White,0.68
1979,3,Jeff Duncan,Republican,White,0.68
1980,3,Jeff Duncan,Republican,White,0.68
1981,3,Jeff Duncan,Republican,White,0.68
1982,3,Jeff Duncan,Republican,White,0.68
1983,3,Jeff Duncan,Republican,White,0.68
1984,3,Jeff Duncan,Republican,White,0.68
1985,3,Jeff Duncan,Republican,White,0.68
1986,3,Jeff Duncan,Republican,White,0.68
1987,3,Jeff Duncan,Republican,White,0.68
1988,3,Jeff Duncan,Republican,White,0.68
1989,4,William Timmons,Republican,White,0.62
1990,4,William Timmons,Republican,White,0.62
1991,4,William Timmons,Republican,White,0.62
1992,4,William Timmons,Republican,White,0.62
1993,4,William Timmons,Republican,White,0.62
1994,4,William Timmons,Republican,White,0.62
1995,4,William Timmons,Republican,White,0.62
1996,4,William Timmons,Republican,White,0.62
1997,4,William Timmons,Republican,White,0.62
1998,4,William Timmons,Republican,White,0.62
1999,4,William Timmons,Republican,White,0.62
2000,5,Ralph Norman,Republican,White,0.59
2001,4,William Timmons,Republican,White,0.62
2002,5,Ralph Norman,Republican,White,0.59
2003,5,Ralph Norman,Republican,White,0.59
2004,4,William Timmons,Republican,White,0.62
2005,4,William Timmons,Republican,White,0.62
2006,4,William Timmons,Republican,White,0.62
2007,5,Ralph Norman,Republican,White,0.59
2008,5,Ralph Norman,Republican,White,0.59
2009,5,Ralph Norman,Republican,White,0.59
2010,4,William Timmons,Republican,White,0.62
2011,4,William Timmons,Republican,White,0.62
2012,5,Ralph Norman,Republican,White,0.59
2013,5,Ralph Norman,Republican,White,0.59
2014,4,William Timmons,Republican,White,0.62
2015,4,William Timmons,Republican,White,0.62
2016,4,William Timmons,Republican,White,0.62
2017,4,William Timmons,Republican,White,0.62
2018,5,Ralph Norman,Republican,White,0.59
2019,4,William Timmons,Republican,White,0.62
2020,5,Ralph Norman,Republican,White,0.59
2021,4,William Timmons,Republican,White,0.62
2022,4,William Timmons,Republican,White,0.62
2023,4,William Timmons,Republican,White,0.62
2024,4,William Timmons,Republican,White,0.62
2025,4,William Timmons,Republican,White,0.62
2026,4,William Timmons,Republican,White,0.62
2027,4,William Timmons,Republican,White,0.62
2028,4,William Timmons,Republican,White,0.62
2029,4,William Timmons,Republican,White,0.62
2030,4,William Timmons,Republican,White,0.62
2031,4,William Timmons,Republican,White,0.62
2032,4,William Timmons,Republican,White,0.62
2033,4,William Timmons,Republican,White,0.62
2034,4,William Timmons,Republican,White,0.62
2035,4,William Timmons,Republican,White,0.62
2036,4,William Timmons,Republican,White,0.62
2037,4,William Timmons,Republican,White,0.62
2038,4,William Timmons,Republican,White,0.62
2039,4,William Timmons,Republican,White,0.62
2040,4,William Timmons,Republican,White,0.62
2041,4,William Timmons,Republican,White,0.62
2042,4,William Timmons,Republican,White,0.62
2043,4,William Timmons,Republican,White,0.62
2044,4,William Timmons,Republican,White,0.62
2045,4,William Timmons,Republican,White,0.62
2046,4,William Timmons,Republican,White,0.62
2047,4,William Timmons,Republican,White,0.62
2048,5,Ralph Norman,Republican,White,0.59
2049,4,William Timmons,Republican,White,0.62
2050,4,William Timmons,Republican,White,0.62
2051,4,William Timmons,Republican,White,0.62
2052,4,William Timmons,Republican,White,0.62
2053,4,William Timmons,Republican,White,0.62
2054,4,William Timmons,Republican,White,0.62
2055,5,Ralph Norman,Republican,White,0.59
2056,4,William Timmons,Republican,White,0.62
2057,4,William Timmons,Republican,White,0.62
2058,4,William Timmons,Republican,White,0.62
2059,4,William Timmons,Republican,White,0.62
2060,4,William Timmons,Republican,White,0.62
2061,4,William Timmons,Republican,White,0.62
2062,4,William Timmons,Republican,White,0.62
2063,5,Ralph Norman,Republican,White,0.59
2064,5,Ralph Norman,Republican,White,0.59
2065,4,William Timmons,Republican,White,0.62
2066,4,William Timmons,Republican,White,0.62
2067,5,Ralph Norman,Republican,White,0.59
2068,4,William Timmons,Republican,White,0.62
2069,4,William Timmons,Republican,White,0.62
2070,4,William Timmons,Republican,White,0.62
2071,4,William Timmons,Republican,White,0.62
2072,4,William Timmons,Republican,White,0.62
2073,4,William Timmons,Republican,White,0.62
2074,5,Ralph Norman,Republican,White,0.59
2075,4,William Timmons,Republican,White,0.62
2076,4,William Timmons,Republican,White,0.62
2077,4,William Timmons,Republican,White,0.62
2078,4,William Timmons,Republican,White,0.62
2079,4,William Timmons,Republican,White,0.62
2080,5,Ralph Norman,Republican,White,0.59
2081,4,William Timmons,Republican,White,0.62
2082,4,William Timmons,Republican,White,0.62
2083,4,William Timmons,Republican,White,0.62
2084,4,William Timmons,Republican,White,0.62
2085,4,William Timmons,Republican,White,0.62
2086,5,Ralph Norman,Republican,White,0.59
2087,4,William Timmons,Republican,White,0.62
2088,4,William Timmons,Republican,White,0.62
2089,4,William Timmons,Republican,White,0.62
2090,4,William Timmons,Republican,White,0.62
2091,4,William Timmons,Republican,White,0.62
2092,4,William Timmons,Republican,White,0.62
2093,4,William Timmons,Republican,White,0.62
2094,4,William Timmons,Republican,White,0.62
2095,4,William Timmons,Republican,White,0.62
2096,4,William Timmons,Republican,White,0.62
2097,5,Ralph Norman,Republican,White,0.59
2098,4,William Timmons,Republican,White,0.62
2099,4,William Timmons,Republican,White,0.62
2100,4,William Timmons,Republican,White,0.62
2101,6,Jim Clyburn,Democrat,Black,0.65
2102,5,Ralph Norman,Republican,White,0.59
2103,5,Ralph Norman,Republican,White,0.59
2104,5,Ralph Norman,Republican,White,0.59
2105,5,Ralph Norman,Republican,White,0.59
2106,5,Ralph Norman,Republican,White,0.59
2107,6,Jim Clyburn,Democrat,Black,0.65
2108,5,Ralph Norman,Republican,White,0.59
2109,5,Ralph Norman,Republican,White,0.59
2110,5,Ralph Norman,Republican,White,0.59
2111,5,Ralph Norman,Republican,White,0.59
2112,5,Ralph Norman,Republican,White,0.59
2113,5,Ralph Norman,Republican,White,0.59
2114,5,Ralph Norman,Republican,White,0.59
2115,5,Ralph Norman,Republican,White,0.59
2116,5,Ralph Norman,Republican,White,0.59
2117,6,Jim Clyburn,Democrat,Black,0.65
2118,5,Ralph Norman,Republican,White,0.59
2119,5,Ralph Norman,Republican,White,0.59
2120,6,Jim Clyburn,Democrat,Black,0.65
2121,6,Jim Clyburn,Democrat,Black,0.65
2122,6,Jim Clyburn,Democrat,Black,0.65
2123,5,Ralph Norman,Republican,White,0.59
2124,6,Jim Clyburn,Democrat,Black,0.65
2125,6,Jim Clyburn,Democrat,Black,0.65
2126,5,Ralph Norman,Republican,White,0.59
2127,5,Ralph Norman,Republican,White,0.59
2128,5,Ralph Norman,Republican,White,0.59
2129,6,Jim Clyburn,Democrat,Black,0.65
2130,5,Ralph Norman,Republican,White,0.59
2131,5,Ralph Norman,Republican,White,0.59
2132,5,Ralph Norman,Republican,White,0.59
2133,5,Ralph Norman,Republican,White,0.59
2134,5,Ralph Norman,Republican,White,0.59
2135,5,Ralph Norman,Republican,White,0.59
2136,6,Jim Clyburn,Democrat,Black,0.65
2137,6,Jim Clyburn,Democrat,Black,0.65
2138,5,Ralph Norman,Republican,White,0.59
2139,5,Ralph Norman,Republican,White,0.59
2140,6,Jim Clyburn,Democrat,Black,0.65
2141,5,Ralph Norman,Republican,White,0.59
2142,6,Jim Clyburn,Democrat,Black,0.65
2143,5,Ralph Norman,Republican,White,0.59
2144,5,Ralph Norman,Republican,White,0.59
2145,6,Jim Clyburn,Democrat,Black,0.65
2146,6,Jim Clyburn,Democrat,Black,0.65
2147,5,Ralph Norman,Republican,White,0.59
2148,6,Jim Clyburn,Democrat,Black,0.65
2149,5,Ralph Norman,Republican,White,0.59
2150,6,Jim Clyburn,Democrat,Black,0.65
2151,5,Ralph Norman,Republican,White,0.59
2152,5,Ralph Norman,Republican,White,0.59
2153,5,Ralph Norman,Republican,White,0.59
2154,6,Jim Clyburn,Democrat,Black,0.65
2155,5,Ralph Norman,Republican,White,0.59
2156,6,Jim Clyburn,Democrat,Black,0.65
2157,6,Jim Clyburn,Democrat,Black,0.65
2158,5,Ralph Norman,Republican,White,0.59
2159,5,Ralph Norman,Republican,White,0.59
2160,5,Ralph Norman,Republican,White,0.59
2161,5,Ralph Norman,Republican,White,0.59
2162,5,Ralph Norman,Republican,White,0.59
2163,5,Ralph Norman,Republican,White,0.59
2164,5,Ralph Norman,Republican,White,0.59
2165,5,Ralph Norman,Republican,White,0.59
2166,5,Ralph Norman,Republican,White,0.59
2167,5,Ralph Norman,Republican,White,0.59
2168,5,Ralph Norman,Republican,White,0.59
2169,5,Ralph Norman,Republican,White,0.59
2170,5,Ralph Norman,Republican,White,0.59
2171,5,Ralph Norman,Republican,White,0.59
2172,5,Ralph Norman,Republican,White,0.59
2173,5,Ralph Norman,Republican,White,0.59
2174,5,Ralph Norman,Republican,White,0.59
2175,5,Ralph Norman,Republican,White,0.59
2176,5,Ralph Norman,Republican,White,0.59
2177,5,Ralph Norman,Republican,White,0.59
2178,5,Ralph Norman,Republican,White,0.59
2179,5,Ralph Norman,Republican,White,0.59
2180,6,Jim Clyburn,Democrat,Black,0.65
2181,6,Jim Clyburn,Democrat,Black,0.65
2182,6,Jim Clyburn,Democrat,Black,0.65
2183,6,Jim Clyburn,Democrat,Black,0.65
2184,6,Jim Clyburn,Democrat,Black,0.65
2185,6,Jim Clyburn,Democrat,Black,0.65
2186,6,Jim Clyburn,Democrat,Black,0.65
2187,6,Jim Clyburn,Democrat,Black,0.65
2188,6,Jim Clyburn,Democrat,Black,0.65
2189,6,Jim Clyburn,Democrat,Black,0.65
2190,6,Jim Clyburn,Democrat,Black,0.65
2191,6,Jim Clyburn,Democrat,Black,0.65
2192,6,Jim Clyburn,Democrat,Black,0.65
2193,6,Jim Clyburn,Democrat,Black,0.65
2194,6,Jim Clyburn,Democrat,Black,0.65
2195,6,Jim Clyburn,Democrat,Black,0.65
2196,6,Jim Clyburn,Democrat,Black,0.65
2197,6,Jim Clyburn,Democrat,Black,0.65
2198,6,Jim Clyburn,Democrat,Black,0.65
2199,6,Jim Clyburn,Democrat,Black,0.65
2200,6,Jim Clyburn,Democrat,Black,0.65
2201,6,Jim Clyburn,Democrat,Black,0.65
2202,6,Jim Clyburn,Democrat,Black,0.65
2203,6,Jim Clyburn,Democrat,Black,0.65
2204,6,Jim Clyburn,Democrat,Black,0.65
2205,6,Jim Clyburn,Democrat,Black,0.65
2206,6,Jim Clyburn,Democrat,Black,0.65
2207,6,Jim Clyburn,Democrat,Black,0.65
2208,5,Ralph Norman,Republican,White,0.59
2209,5,Ralph Norman,Republican,White,0.59
2210,5,Ralph Norman,Republican,White,0.59
2211,5,Ralph Norman,Republican,White,0.59
2212,5,Ralph Norman,Republican,White,0.59
2213,5,Ralph Norman,Republican,White,0.59
2214,5,Ralph Norman,Republican,White,0.59
2215,5,Ralph Norman,Republican,White,0.59
2216,5,Ralph Norman,Republican,White,0.59
2217,5,Ralph Norman,Republican,White,0.59
2218,5,Ralph Norman,Republican,White,0.59
2219,5,Ralph Norman,Republican,White,0.59
2220,5,Ralph Norman,Republican,White,0.59
2221,5,Ralph Norman,Republican,White,0.59
2222,5,Ralph Norman,Republican,White,0.59
2223,5,Ralph Norman,Republican,White,0.59
2224,5,Ralph Norman,Republican,White,0.59
2225,5,Ralph Norman,Republican,White,0.59
2226,5,Ralph Norman,Republican,White,0.59
2227,5,Ralph Norman,Republican,White,0.59
2228,5,Ralph Norman,Republican,White,0.59
2229,5,Ralph Norman,Republican,White,0.59
2230,5,Ralph Norman,Republican,White,0.59
2231,5,Ralph Norman,Republican,White,0.59
2232,5,Ralph Norman,Republican,White,0.59
2233,5,Ralph Norman,Republican,White,0.59
2234,5,Ralph Norman,Republican,White,0.59
2235,5,Ralph Norman,Republican,White,0.59
2236,5,Ralph Norman,Republican,White,0.59
2237,5,Ralph Norman,Republican,White,0.59
2238,5,Ralph Norman,Republican,White,0.59
2239,5,Ralph Norman,Republican,White,0.59
2240,5,Ralph Norman,Republican,White,0.59
2241,5,Ralph Norman,Republican,White,0.59
2242,5,Ralph Norman,Republican,White,0.59
2243,5,Ralph Norman,Republican,White,0.59
2244,5,Ralph Norman,Republican,White,0.59
2245,5,Ralph Norman,Republican,White,0.59
2246,5,Ralph Norman,Republican,White,0.59
2247,5,Ralph Norman,Republican,White,0.59
2248,5,Ralph Norman,Republican,White,0.59
2249,5,Ralph Norman,Republican,White,0.59
2250,5,Ralph Norman,Republican,White,0.59
2251,5,Ralph Norman,Republican,White,0.59
2252,5,Ralph Norman,Republican,White,0.59
2253,5,Ralph Norman,Republican,White,0.59
2254,5,Ralph Norman,Republican,White,0.59
2255,5,Ralph Norman,Republican,White,0.59
2256,5,Ralph Norman,Republican,White,0.59
2257,5,Ralph Norman,Republican,White,0.59
2258,5,Ralph Norman,Republican,White,0.59
2259,5,Ralph Norman,Republican,White,0.59
2260,5,Ralph Norman,Republican,White,0.59
2261,5,Ralph Norman,Republican,White,0.59
2262,5,Ralph Norman,Republican,White,0.59
2263,5,Ralph Norman,Republican,White,0.59
2264,5,Ralph Norman,Republican,White,0.59
2265,5,Ralph Norman,Republican,White,0.59
2266,5,Ralph Norman,Republican,White,0.59
2267,5,Ralph Norman,Republican,White,0.59
2268,5,Ralph Norman,Republican,White,0.59
2269,5,Ralph Norman,Republican,White,0.59
2270,5,Ralph Norman,Republican,White,0.59
2271,5,Ralph Norman,Republican,White,0.59
2272,5,Ralph Norman,Republican,White,0.59
2273,5,Ralph Norman,Republican,White,0.59
2274,5,Ralph Norman,Republican,White,0.59
2275,5,Ralph Norman,Republican,White,0.59
2276,5,Ralph Norman,Republican,White,0.59
2277,5,Ralph Norman,Republican,White,0.59
2278,5,Ralph Norman,Republican,White,0.59
2279,5,Ralph Norman,Republican,White,0.59
2280,5,Ralph Norman,Republican,White,0.59
2281,5,Ralph Norman,Republican,White,0.59
2282,5,Ralph Norman,Republican,White,0.59
2283,5,Ralph Norman,Republican,White,0.59
2284,5,Ralph Norman,Republican,White,0.59
2285,5,Ralph Norman,Republican,White,0.59
2286,5,Ralph Norman,Republican,White,0.59
2287,5,Ralph Norman,Republican,White,0.59
2288,5,Ralph Norman,Republican,White,0.59
2289,5,Ralph Norman,Republican,White,0.59
2290,5,Ralph Norman,Republican,White,0.59
2291,5,Ralph Norman,Republican,White,0.59
2292,5,Ralph Norman,Republican,White,0.59
2293,5,Ralph Norman,Republican,White,0.59
2294,5,Ralph Norman,Republican,White,0.59
2295,5,Ralph Norman,Republican,White,0.59
2296,5,Ralph Norman,Republican,White,0.59
2297,5,Ralph Norman,Republican,White,0.59
2298,5,Ralph Norman,Republican,White,0.59
2299,5,Ralph Norman,Republican,White,0.59
2300,5,Ralph Norman,Republican,White,0.59
2301,5,Ralph Norman,Republican,White,0.59
2302,5,Ralph Norman,Republican,White,0.59
2303,5,Ralph Norman,Republican,White,0.59
2304,5,Ralph Norman,Republican,White,0.59
2305,5,Ralph Norman,Republican,White,0.59
2306,5,Ralph Norman,Republican,White,0.59
2307,5,Ralph Norman,Republican,White,0.59
